"","Pair_Name","Ligand_ApprovedSymbol","Receptor_ApprovedSymbol"
"1","A2M_LRP1","A2m","Lrp1"
"2","AANAT_MTNR1A","Aanat","Mtnr1a"
"3","AANAT_MTNR1B","Aanat","Mtnr1b"
"4","ACE_AGTR2","Ace","Agtr2"
"5","ACE_BDKRB2","Ace","Bdkrb2"
"6","ADAM10_AXL","Adam10","Axl"
"7","ADAM10_EPHA3","Adam10","Epha3"
"8","ADAM12_ITGA9","Adam12","Itga9"
"9","ADAM12_ITGB1","Adam12","Itgb1"
"10","ADAM12_SDC4","Adam12","Sdc4"
"11","ADAM15_ITGA5","Adam15","Itga5"
"12","ADAM15_ITGA9","Adam15","Itga9"
"13","ADAM15_ITGAV","Adam15","Itgav"
"14","ADAM15_ITGB1","Adam15","Itgb1"
"15","ADAM15_ITGB3","Adam15","Itgb3"
"16","ADAM17_ERBB4","Adam17","Erbb4"
"17","ADAM17_ITGA5","Adam17","Itga5"
"18","ADAM17_ITGB1","Adam17","Itgb1"
"19","ADAM17_NOTCH1","Adam17","Notch1"
"20","ADAM23_ITGA5","Adam23","Itga5"
"21","ADAM23_ITGB3","Adam23","Itgb3"
"22","ADAM28_ITGA4","Adam28","Itga4"
"23","ADAM2_CD9","Adam2","Cd9"
"24","ADAM2_ITGA6","Adam2","Itga6"
"25","ADAM2_ITGA9","Adam2","Itga9"
"26","ADAM2_ITGB1","Adam2","Itgb1"
"27","ADAM2_ITGB7","Adam2","Itgb7"
"28","ADAM9_ITGA3","Adam9","Itga3"
"29","ADAM9_ITGA6","Adam9","Itga6"
"30","ADAM9_ITGAV","Adam9","Itgav"
"31","ADAM9_ITGB1","Adam9","Itgb1"
"32","ADAM9_ITGB5","Adam9","Itgb5"
"33","ADCYAP1_ADCYAP1R1","Adcyap1","Adcyap1r1"
"34","ADCYAP1_SCTR","Adcyap1","Sctr"
"35","ADCYAP1_VIPR1","Adcyap1","Vipr1"
"36","ADCYAP1_VIPR2","Adcyap1","Vipr2"
"37","ADIPOQ_ADIPOR1","Adipoq","Adipor1"
"38","ADIPOQ_ADIPOR2","Adipoq","Adipor2"
"39","ADM2_CALCR","Adm2","Calcr"
"40","ADM2_CALCRL","Adm2","Calcrl"
"41","ADM2_RAMP1","Adm2","Ramp1"
"42","ADM_CALCR","Adm","Calcr"
"43","ADM_CALCRL","Adm","Calcrl"
"44","ADM_GPR182","Adm","Gpr182"
"45","ADM_RAMP2","Adm","Ramp2"
"46","AGRN_ATP1A3","Agrn","Atp1a3"
"47","AGRN_LRP4","Agrn","Lrp4"
"48","AGRN_MUSK","Agrn","Musk"
"49","AGRP_MC3R","Agrp","Mc3r"
"50","AGRP_MC4R","Agrp","Mc4r"
"51","AGRP_MC5R","Agrp","Mc5r"
"52","AGRP_SDC3","Agrp","Sdc3"
"53","AGT_AGTR1","Agt","Agtr1a"
"54","AGT_AGTR2","Agt","Agtr2"
"55","AGT_LRP2","Agt","Lrp2"
"56","AGT_MAS1","Agt","Mas1"
"57","AHSG_INSR","Ahsg","Insr"
"58","ALB_LRP2","Alb","Lrp2"
"59","AMELY_LAMP1","Amelx","Lamp1"
"60","AMH_ACVR1","Amh","Acvr1"
"61","AMH_AMHR2","Amh","Amhr2"
"62","AMH_EGFR","Amh","Egfr"
"63","ANGPT1_ITGA5","Angpt1","Itga5"
"64","ANGPT1_TEK","Angpt1","Tek"
"65","ANGPT1_TIE1","Angpt1","Tie1"
"66","ANGPT2_TEK","Angpt2","Tek"
"67","ANGPT4_TEK","Angpt4","Tek"
"68","ANGPTL1_TEK","Angptl1","Tek"
"69","ANGPTL3_ITGA5","Angptl3","Itga5"
"70","ANGPTL3_ITGAV","Angptl3","Itgav"
"71","ANGPTL3_ITGB3","Angptl3","Itgb3"
"72","ANXA1_DYSF","Anxa1","Dysf"
"73","ANXA1_EGFR","Anxa1","Egfr"
"74","ANXA1_FPR1","Anxa1","Fpr1"
"75","ANXA1_FPR2","Anxa1","Fpr2"
"76","APLN_APLNR","Apln","Aplnr"
"77","APOB_LDLR","Apob","Ldlr"
"78","APOB_LRP2","Apob","Lrp2"
"79","APOB_LSR","Apob","Lsr"
"80","APOB_OLR1","Apob","Olr1"
"81","APOD_LEPR","Apod","Lepr"
"82","APOE_LDLR","Apoe","Ldlr"
"83","APOE_LRP1","Apoe","Lrp1"
"84","APOE_LRP2","Apoe","Lrp2"
"85","APOE_LRP5","Apoe","Lrp5"
"86","APOE_LRP8","Apoe","Lrp8"
"87","APOE_SCARB1","Apoe","Scarb1"
"88","APOE_SORL1","Apoe","Sorl1"
"89","APOE_VLDLR","Apoe","Vldlr"
"90","APP_CAV1","App","Cav1"
"91","APP_CD74","App","Cd74"
"92","APP_FPR2","App","Fpr2"
"93","APP_GPC1","App","Gpc1"
"94","APP_LRP1","App","Lrp1"
"95","APP_NCSTN","App","Ncstn"
"96","APP_TNFRSF21","App","Tnfrsf21"
"97","AREG_EGFR","Areg","Egfr"
"98","AREG_ERBB3","Areg","Erbb3"
"99","ARF1_CHRM3","Arf1","Chrm3"
"100","ARF1_INSR","Arf1","Insr"
"101","ARF1_PLD2","Arf1","Pld2"
"102","ARTN_GFRA1","Artn","Gfra1"
"103","ARTN_GFRA3","Artn","Gfra3"
"104","ARTN_RET","Artn","Ret"
"105","ASIP_ATRN","a","Atrn"
"106","ASIP_F11R","a","F11r"
"107","ASIP_MC1R","a","Mc1r"
"108","ASIP_MC2R","a","Mc2r"
"109","ASIP_MC3R","a","Mc3r"
"110","ASIP_MC4R","a","Mc4r"
"111","ASIP_MC5R","a","Mc5r"
"112","AVP_AVPR1A","Avp","Avpr1a"
"113","AVP_AVPR1B","Avp","Avpr1b"
"114","AVP_AVPR2","Avp","Avpr2"
"115","AVP_OXTR","Avp","Oxtr"
"116","AZGP1_ITGAV","Azgp1","Itgav"
"117","B2M_HFE","B2m","Hfe"
"118","BDNF_NGFR","Bdnf","Ngfr"
"119","BDNF_NTRK2","Bdnf","Ntrk2"
"120","BDNF_SORT1","Bdnf","Sort1"
"121","BGN_TLR2","Bgn","Tlr2"
"122","BGN_TLR4","Bgn","Tlr4"
"123","BMP10_ACVR2A","Bmp10","Acvr2a"
"124","BMP10_ACVRL1","Bmp10","Acvrl1"
"125","BMP10_BMPR1A","Bmp10","Bmpr1a"
"126","BMP10_BMPR1B","Bmp10","Bmpr1b"
"127","BMP10_BMPR2","Bmp10","Bmpr2"
"128","BMP10_ENG","Bmp10","Eng"
"129","BMP15_ACVR2A","Bmp15","Acvr2a"
"130","BMP15_BMPR1A","Bmp15","Bmpr1a"
"131","BMP15_BMPR1B","Bmp15","Bmpr1b"
"132","BMP15_BMPR2","Bmp15","Bmpr2"
"133","BMP2_ACVR1","Bmp2","Acvr1"
"134","BMP2_ACVR2A","Bmp2","Acvr2a"
"135","BMP2_ACVR2B","Bmp2","Acvr2b"
"136","BMP2_BMPR1A","Bmp2","Bmpr1a"
"137","BMP2_BMPR1B","Bmp2","Bmpr1b"
"138","BMP2_BMPR2","Bmp2","Bmpr2"
"139","BMP2_ENG","Bmp2","Eng"
"140","BMP2_HFE2","Bmp2","Hfe2"
"141","BMP3_ACVR2B","Bmp3","Acvr2b"
"142","BMP4_BMPR1A","Bmp4","Bmpr1a"
"143","BMP4_BMPR1B","Bmp4","Bmpr1b"
"144","BMP4_BMPR2","Bmp4","Bmpr2"
"145","BMP5_BMPR1A","Bmp5","Bmpr1a"
"146","BMP6_ACVR1","Bmp6","Acvr1"
"147","BMP6_ACVR2A","Bmp6","Acvr2a"
"148","BMP6_BMPR1A","Bmp6","Bmpr1a"
"149","BMP6_BMPR1B","Bmp6","Bmpr1b"
"150","BMP6_BMPR2","Bmp6","Bmpr2"
"151","BMP7_ACVR1","Bmp7","Acvr1"
"152","BMP7_ACVR2A","Bmp7","Acvr2a"
"153","BMP7_ACVR2B","Bmp7","Acvr2b"
"154","BMP7_BMPR1A","Bmp7","Bmpr1a"
"155","BMP7_BMPR1B","Bmp7","Bmpr1b"
"156","BMP7_BMPR2","Bmp7","Bmpr2"
"157","BMP7_ENG","Bmp7","Eng"
"158","BST1_CAV1","Bst1","Cav1"
"159","BTC_EGFR","Btc","Egfr"
"160","BTC_ERBB2","Btc","Erbb2"
"161","BTC_ERBB3","Btc","Erbb3"
"162","BTC_ERBB4","Btc","Erbb4"
"163","BTLA_CD79A","Btla","Cd79a"
"164","BTLA_TNFRSF14","Btla","Tnfrsf14"
"165","BTLA_VTCN1","Btla","Vtcn1"
"166","C1QA_CD93","C1qa","Cd93"
"167","C1QA_CSPG4","C1qa","Cspg4"
"168","C1QB_LRP1","C1qb","Lrp1"
"169","C1QTNF1_AVPR2","C1qtnf1","Avpr2"
"170","C1QTNF5_MFRP","C1qtnf5","Mfrp"
"171","C3_C3AR1","C3","C3ar1"
"172","C3_C5AR2","C3","C5ar2"
"173","C3_CD19","C3","Cd19"
"174","C3_CD46","C3","Cd46"
"175","C3_ITGAM","C3","Itgam"
"176","C3_ITGAX","C3","Itgax"
"177","C3_ITGB2","C3","Itgb2"
"178","C3_LRP1","C3","Lrp1"
"179","C5_C5AR1","Hc","C5ar1"
"180","C5_C5AR2","Hc","C5ar2"
"181","CALCB_CALCR","Calca","Calcr"
"182","CALCB_CALCRL","Calca","Calcrl"
"183","CALCB_RAMP1","Calca","Ramp1"
"184","CALR_ITGA2B","Calr","Itga2b"
"185","CALR_ITGA3","Calr","Itga3"
"186","CALR_ITGAV","Calr","Itgav"
"187","CALR_LRP1","Calr","Lrp1"
"188","CALR_MTNR1A","Calr","Mtnr1a"
"189","CALR_SCARF1","Calr","Scarf1"
"190","CALR_TSHR","Calr","Tshr"
"191","CAMP_FPR2","Camp","Fpr2"
"192","CCK_CCKAR","Cck","Cckar"
"193","CCK_CCKBR","Cck","Cckbr"
"194","CCL11_ACKR2","Ccl11","Ackr2"
"195","CCL11_ACKR4","Ccl11","Ackr4"
"196","CCL11_CCR2","Ccl11","Ccr2"
"197","CCL11_CCR3","Ccl11","Ccr3"
"198","CCL11_CCR5","Ccl11","Ccr5"
"199","CCL11_CXCR3","Ccl11","Cxcr3"
"200","CCL13_ACKR2","Ccl2","Ackr2"
"201","CCL13_ACKR4","Ccl2","Ackr4"
"202","CCL13_CCR1","Ccl2","Ccr1"
"203","CCL13_CCR2","Ccl2","Ccr2"
"204","CCL13_CCR3","Ccl2","Ccr3"
"205","CCL13_CCR5","Ccl2","Ccr5"
"206","CCL13_CXCR3","Ccl2","Cxcr3"
"207","CCL17_CCR4","Ccl17","Ccr4"
"208","CCL17_CCR8","Ccl17","Ccr8"
"209","CCL1_CCR8","Ccl1","Ccr8"
"210","CCL20_CCR6","Ccl20","Ccr6"
"211","CCL20_CXCR3","Ccl20","Cxcr3"
"212","CCL22_CCR4","Ccl22","Ccr4"
"213","CCL24_CCR2","Ccl24","Ccr2"
"214","CCL24_CCR3","Ccl24","Ccr3"
"215","CCL25_ACKR2","Ccl25","Ackr2"
"216","CCL25_ACKR4","Ccl25","Ackr4"
"217","CCL25_CCR10","Ccl25","Ccr10"
"218","CCL25_CCR9","Ccl25","Ccr9"
"219","CCL28_ACKR2","Ccl28","Ackr2"
"220","CCL28_CCR10","Ccl28","Ccr10"
"221","CCL28_CCR3","Ccl28","Ccr3"
"222","CCL2_ACKR2","Ccl12","Ackr2"
"223","CCL2_ACKR4","Ccl12","Ackr4"
"224","CCL2_CCR1","Ccl12","Ccr1"
"225","CCL2_CCR10","Ccl12","Ccr10"
"226","CCL2_CCR2","Ccl12","Ccr2"
"227","CCL2_CCR3","Ccl12","Ccr3"
"228","CCL2_CCR4","Ccl12","Ccr4"
"229","CCL2_CCR5","Ccl12","Ccr5"
"230","CCL3L3_ACKR2","Ccl3","Ackr2"
"231","CCL3L3_CCR5","Ccl3","Ccr5"
"232","CCL4_ACKR2","Ccl4","Ackr2"
"233","CCL4_CCR1","Ccl4","Ccr1"
"234","CCL4_CCR3","Ccl4","Ccr3"
"235","CCL4_CCR5","Ccl4","Ccr5"
"236","CCL4_CCR8","Ccl4","Ccr8"
"237","CCL5_ACKR2","Ccl5","Ackr2"
"238","CCL5_ACKR4","Ccl5","Ackr4"
"239","CCL5_CCR1","Ccl5","Ccr1"
"240","CCL5_CCR3","Ccl5","Ccr3"
"241","CCL5_CCR4","Ccl5","Ccr4"
"242","CCL5_CCR5","Ccl5","Ccr5"
"243","CCL5_CXCR3","Ccl5","Cxcr3"
"244","CCL5_GPR75","Ccl5","Gpr75"
"245","CCL5_SDC1","Ccl5","Sdc1"
"246","CCL5_SDC4","Ccl5","Sdc4"
"247","CD14_ITGA4","Cd14","Itga4"
"248","CD14_ITGB1","Cd14","Itgb1"
"249","CD34_SELL","Cd34","Sell"
"250","CD40LG_CD40","Cd40lg","Cd40"
"251","CD5L_CD5","Cd5l","Cd5"
"252","CD70_CD27","Cd70","Cd27"
"253","CDH1_EGFR","Cdh1","Egfr"
"254","CDH1_IGF1R","Cdh1","Igf1r"
"255","CDH1_ITGAE","Cdh1","Itgae"
"256","CDH1_ITGB7","Cdh1","Itgb7"
"257","CDH1_PTPRF","Cdh1","Ptprf"
"258","CDH1_PTPRM","Cdh1","Ptprm"
"259","CEL_CXCR4","Cel","Cxcr4"
"260","CFH_ITGAM","Cfh","Itgam"
"261","CFH_SELL","Cfh","Sell"
"262","CGA_FSHR","Cga","Fshr"
"263","CGA_LHCGR","Cga","Lhcgr"
"264","CGA_TSHR","Cga","Tshr"
"265","CGN_F11R","Cgn","F11r"
"266","CHAD_ITGA2","Chad","Itga2"
"267","CHAD_ITGB1","Chad","Itgb1"
"268","CLCF1_CNTFR","Clcf1","Cntfr"
"269","CLCF1_CRLF1","Clcf1","Crlf1"
"270","CLCF1_IL6ST","Clcf1","Il6st"
"271","CLCF1_LIFR","Clcf1","Lifr"
"272","CNTF_CNTFR","Cntf","Cntfr"
"273","CNTF_IL6R","Cntf","Il6ra"
"274","CNTF_IL6ST","Cntf","Il6st"
"275","CNTF_LIFR","Cntf","Lifr"
"276","CNTN2_CNTN1","Cntn2","Cntn1"
"277","CNTN2_CNTNAP2","Cntn2","Cntnap2"
"278","CNTN2_NRCAM","Cntn2","Nrcam"
"279","CNTN4_PTPRG","Cntn4","Ptprg"
"280","COL11A1_DDR1","Col11a1","Ddr1"
"281","COL14A1_CD44","Col14a1","Cd44"
"282","COL18A1_GPC1","Col18a1","Gpc1"
"283","COL18A1_GPC4","Col18a1","Gpc4"
"284","COL18A1_ITGA5","Col18a1","Itga5"
"285","COL18A1_ITGB1","Col18a1","Itgb1"
"286","COL18A1_KDR","Col18a1","Kdr"
"287","COL1A1_CD36","Col1a1","Cd36"
"288","COL1A1_CD44","Col1a1","Cd44"
"289","COL1A1_CD93","Col1a1","Cd93"
"290","COL1A1_DDR1","Col1a1","Ddr1"
"291","COL1A1_DDR2","Col1a1","Ddr2"
"292","COL1A1_ITGA11","Col1a1","Itga11"
"293","COL1A1_ITGA2","Col1a1","Itga2"
"294","COL1A1_ITGA5","Col1a1","Itga5"
"295","COL1A1_ITGB1","Col1a1","Itgb1"
"296","COL1A1_TMPRSS6","Col1a1","Tmprss6"
"297","COL1A2_CD36","Col1a2","Cd36"
"298","COL1A2_CD44","Col1a2","Cd44"
"299","COL1A2_CD93","Col1a2","Cd93"
"300","COL1A2_ITGA2","Col1a2","Itga2"
"301","COL1A2_ITGA2B","Col1a2","Itga2b"
"302","COL1A2_ITGB3","Col1a2","Itgb3"
"303","COL2A1_DDR1","Col2a1","Ddr1"
"304","COL2A1_ITGA10","Col2a1","Itga10"
"305","COL2A1_ITGA2","Col2a1","Itga2"
"306","COL2A1_ITGA2B","Col2a1","Itga2b"
"307","COL2A1_ITGB1","Col2a1","Itgb1"
"308","COL2A1_MAG","Col2a1","Mag"
"309","COL2A1_TNFRSF10A","Col2a1","Tnfrsf10b"
"310","COL3A1_DDR1","Col3a1","Ddr1"
"311","COL3A1_DDR2","Col3a1","Ddr2"
"312","COL3A1_MAG","Col3a1","Mag"
"313","COL4A1_CD93","Col4a1","Cd93"
"314","COL4A1_ITGA1","Col4a1","Itga1"
"315","COL4A1_ITGAV","Col4a1","Itgav"
"316","COL4A1_ITGB1","Col4a1","Itgb1"
"317","COL4A1_ITGB8","Col4a1","Itgb8"
"318","COL4A2_CD93","Col4a2","Cd93"
"319","COL4A3_CD47","Col4a3","Cd47"
"320","COL4A3_CD93","Col4a3","Cd93"
"321","COL4A3_ITGAV","Col4a3","Itgav"
"322","COL4A4_CD93","Col4a4","Cd93"
"323","COL4A5_CD93","Col4a5","Cd93"
"324","COL4A6_CD93","Col4a6","Cd93"
"325","COL5A1_SDC3","Col5a1","Sdc3"
"326","COL5A2_DDR1","Col5a2","Ddr1"
"327","COL5A3_SDC3","Col5a3","Sdc3"
"328","COL8A1_ITGA1","Col8a1","Itga1"
"329","COL8A1_ITGA2","Col8a1","Itga2"
"330","COL9A1_MAG","Col9a1","Mag"
"331","COL9A2_MAG","Col9a2","Mag"
"332","COL9A3_MAG","Col9a3","Mag"
"333","CORT_GHSR","Cort","Ghsr"
"334","CORT_SSTR1","Cort","Sstr1"
"335","CORT_SSTR2","Cort","Sstr2"
"336","CORT_SSTR3","Cort","Sstr3"
"337","CORT_SSTR4","Cort","Sstr4"
"338","CORT_SSTR5","Cort","Sstr5"
"339","CP_SLC40A1","Cp","Slc40a1"
"340","CRH_CRHR1","Crh","Crhr1"
"341","CRH_CRHR2","Crh","Crhr2"
"342","CRH_MC2R","Crh","Mc2r"
"343","CRP_OLR1","Crp","Olr1"
"344","CSF1_CSF1R","Csf1","Csf1r"
"345","CSF2_CSF1R","Csf2","Csf1r"
"346","CSF2_CSF2RA","Csf2","Csf2ra"
"347","CSF2_CSF3R","Csf2","Csf3r"
"348","CSF2_IL3RA","Csf2","Il3ra"
"349","CSF2_SDC2","Csf2","Sdc2"
"350","CSF3_CSF1R","Csf3","Csf1r"
"351","CSF3_CSF3R","Csf3","Csf3r"
"352","CSHL1_PRLR","Gh","Prlr"
"353","CTF1_IL6ST","Ctf1","Il6st"
"354","CTF1_LIFR","Ctf1","Lifr"
"355","CTGF_ERBB4","Ctgf","Erbb4"
"356","CTGF_ITGA5","Ctgf","Itga5"
"357","CTGF_ITGAM","Ctgf","Itgam"
"358","CTGF_ITGB2","Ctgf","Itgb2"
"359","CTGF_LRP1","Ctgf","Lrp1"
"360","CTGF_LRP6","Ctgf","Lrp6"
"361","CTGF_NTRK1","Ctgf","Ntrk1"
"362","CTHRC1_FZD3","Cthrc1","Fzd3"
"363","CTHRC1_FZD5","Cthrc1","Fzd5"
"364","CTHRC1_FZD6","Cthrc1","Fzd6"
"365","CUBN_LRP2","Cubn","Lrp2"
"366","CX3CL1_CX3CR1","Cx3cl1","Cx3cr1"
"367","CXCL10_CCR3","Cxcl10","Ccr3"
"368","CXCL10_CXCR3","Cxcl10","Cxcr3"
"369","CXCL10_SDC4","Cxcl10","Sdc4"
"370","CXCL12_ACKR3","Cxcl12","Ackr3"
"371","CXCL12_CD4","Cxcl12","Cd4"
"372","CXCL12_CXCR3","Cxcl12","Cxcr3"
"373","CXCL12_CXCR4","Cxcl12","Cxcr4"
"374","CXCL12_ITGB1","Cxcl12","Itgb1"
"375","CXCL13_ACKR4","Cxcl13","Ackr4"
"376","CXCL13_CCR10","Cxcl13","Ccr10"
"377","CXCL13_CXCR3","Cxcl13","Cxcr3"
"378","CXCL13_CXCR5","Cxcl13","Cxcr5"
"379","CXCL16_CXCR6","Cxcl16","Cxcr6"
"380","CXCL2_CXCR1","Cxcl1","Cxcr1"
"381","CXCL2_CXCR2","Cxcl1","Cxcr2"
"382","CXCL2_XCR1","Cxcl1","Xcr1"
"383","CXCL3_CXCR1","Cxcl2","Cxcr1"
"384","CXCL3_CXCR2","Cxcl2","Cxcr2"
"385","CXCL6_CXCR1","Cxcl5","Cxcr1"
"386","CXCL6_CXCR2","Cxcl5","Cxcr2"
"387","CYR61_ITGA5","Cyr61","Itga5"
"388","CYR61_ITGAM","Cyr61","Itgam"
"389","CYR61_ITGAV","Cyr61","Itgav"
"390","CYR61_ITGB2","Cyr61","Itgb2"
"391","CYR61_ITGB3","Cyr61","Itgb3"
"392","CYR61_ITGB5","Cyr61","Itgb5"
"393","DCN_EGFR","Dcn","Egfr"
"394","DCN_ERBB4","Dcn","Erbb4"
"395","DCN_MET","Dcn","Met"
"396","DHH_BOC","Dhh","Boc"
"397","DHH_CDON","Dhh","Cdon"
"398","DHH_HHIP","Dhh","Hhip"
"399","DHH_PTCH1","Dhh","Ptch1"
"400","DHH_PTCH2","Dhh","Ptch2"
"401","DKK1_KREMEN1","Dkk1","Kremen1"
"402","DKK1_KREMEN2","Dkk1","Kremen2"
"403","DKK1_LRP5","Dkk1","Lrp5"
"404","DKK1_LRP6","Dkk1","Lrp6"
"405","DKK2_KREMEN2","Dkk2","Kremen2"
"406","DKK2_LRP6","Dkk2","Lrp6"
"407","DLK1_NOTCH1","Dlk1","Notch1"
"408","DLK2_NOTCH1","Dlk2","Notch1"
"409","DLL1_NOTCH1","Dll1","Notch1"
"410","DLL1_NOTCH2","Dll1","Notch2"
"411","DLL1_NOTCH3","Dll1","Notch3"
"412","DLL4_NOTCH1","Dll4","Notch1"
"413","DLL4_NOTCH2","Dll4","Notch2"
"414","DLL4_NOTCH3","Dll4","Notch3"
"415","DLL4_NOTCH4","Dll4","Notch4"
"416","EBI3_IL27RA","Ebi3","Il27ra"
"417","EDIL3_ITGAV","Edil3","Itgav"
"418","EDN1_EDNRA","Edn1","Ednra"
"419","EDN1_EDNRB","Edn1","Ednrb"
"420","EDN1_KEL","Edn1","Kel"
"421","EDN2_EDNRA","Edn2","Ednra"
"422","EDN2_EDNRB","Edn2","Ednrb"
"423","EDN2_KEL","Edn2","Kel"
"424","EDN3_EDNRA","Edn3","Ednra"
"425","EDN3_EDNRB","Edn3","Ednrb"
"426","EDN3_KEL","Edn3","Kel"
"427","EFEMP1_EGFR","Efemp1","Egfr"
"428","EFEMP2_AQP1","Efemp2","Aqp1"
"429","EFEMP2_CATSPER1","Efemp2","Catsper1"
"430","EFEMP2_LINGO1","Efemp2","Lingo1"
"431","EFEMP2_PLSCR4","Efemp2","Plscr4"
"432","EFNA1_EPHA1","Efna1","Epha1"
"433","EFNA1_EPHA2","Efna1","Epha2"
"434","EFNA1_EPHA3","Efna1","Epha3"
"435","EFNA1_EPHA4","Efna1","Epha4"
"436","EFNA1_EPHA5","Efna1","Epha5"
"437","EFNA1_EPHA6","Efna1","Epha6"
"438","EFNA1_EPHA7","Efna1","Epha7"
"439","EFNA1_EPHA8","Efna1","Epha8"
"440","EFNA1_EPHB1","Efna1","Ephb1"
"441","EFNA2_EPHA2","Efna2","Epha2"
"442","EFNA2_EPHA3","Efna2","Epha3"
"443","EFNA2_EPHA4","Efna2","Epha4"
"444","EFNA2_EPHA5","Efna2","Epha5"
"445","EFNA2_EPHA6","Efna2","Epha6"
"446","EFNA2_EPHA7","Efna2","Epha7"
"447","EFNA2_EPHA8","Efna2","Epha8"
"448","EFNA3_EPHA1","Efna3","Epha1"
"449","EFNA3_EPHA2","Efna3","Epha2"
"450","EFNA3_EPHA3","Efna3","Epha3"
"451","EFNA3_EPHA4","Efna3","Epha4"
"452","EFNA3_EPHA5","Efna3","Epha5"
"453","EFNA3_EPHA6","Efna3","Epha6"
"454","EFNA3_EPHA7","Efna3","Epha7"
"455","EFNA3_EPHA8","Efna3","Epha8"
"456","EFNA3_EPHB1","Efna3","Ephb1"
"457","EFNA4_EPHA2","Efna4","Epha2"
"458","EFNA4_EPHA3","Efna4","Epha3"
"459","EFNA4_EPHA4","Efna4","Epha4"
"460","EFNA4_EPHA5","Efna4","Epha5"
"461","EFNA4_EPHA6","Efna4","Epha6"
"462","EFNA4_EPHA7","Efna4","Epha7"
"463","EFNA4_EPHA8","Efna4","Epha8"
"464","EFNA5_EPHA2","Efna5","Epha2"
"465","EFNA5_EPHA3","Efna5","Epha3"
"466","EFNA5_EPHA4","Efna5","Epha4"
"467","EFNA5_EPHA5","Efna5","Epha5"
"468","EFNA5_EPHA6","Efna5","Epha6"
"469","EFNA5_EPHA7","Efna5","Epha7"
"470","EFNA5_EPHA8","Efna5","Epha8"
"471","EFNA5_EPHB1","Efna5","Ephb1"
"472","EFNA5_EPHB2","Efna5","Ephb2"
"473","EFNA5_EPHB6","Efna5","Ephb6"
"474","EFNB1_EPHB1","Efnb1","Ephb1"
"475","EFNB1_EPHB2","Efnb1","Ephb2"
"476","EFNB1_EPHB3","Efnb1","Ephb3"
"477","EFNB1_EPHB4","Efnb1","Ephb4"
"478","EFNB1_EPHB6","Efnb1","Ephb6"
"479","EFNB1_ERBB2","Efnb1","Erbb2"
"480","EFNB2_EPHA3","Efnb2","Epha3"
"481","EFNB2_EPHA4","Efnb2","Epha4"
"482","EFNB2_EPHA6","Efnb2","Epha6"
"483","EFNB2_EPHB1","Efnb2","Ephb1"
"484","EFNB2_EPHB2","Efnb2","Ephb2"
"485","EFNB2_EPHB3","Efnb2","Ephb3"
"486","EFNB2_EPHB4","Efnb2","Ephb4"
"487","EFNB2_EPHB6","Efnb2","Ephb6"
"488","EFNB2_GRM1","Efnb2","Grm1"
"489","EFNB2_GRM5","Efnb2","Grm5"
"490","EFNB2_PECAM1","Efnb2","Pecam1"
"491","EFNB2_RHBDL2","Efnb2","Rhbdl2"
"492","EFNB3_EPHA4","Efnb3","Epha4"
"493","EFNB3_EPHB2","Efnb3","Ephb2"
"494","EFNB3_EPHB3","Efnb3","Ephb3"
"495","EFNB3_EPHB4","Efnb3","Ephb4"
"496","EFNB3_RHBDL2","Efnb3","Rhbdl2"
"497","EGF_EGFR","Egf","Egfr"
"498","EGF_ERBB2","Egf","Erbb2"
"499","EGF_ERBB3","Egf","Erbb3"
"500","EGF_ERBB4","Egf","Erbb4"
"501","EPGN_EGFR","Epgn","Egfr"
"502","EPO_EPOR","Epo","Epor"
"503","EREG_EGFR","Ereg","Egfr"
"504","EREG_ERBB4","Ereg","Erbb4"
"505","F10_F3","F10","F3"
"506","F11_GP1BA","F11","Gp1ba"
"507","F12_CD93","F12","Cd93"
"508","F12_GP1BA","F12","Gp1ba"
"509","F13A1_ITGA4","F13a1","Itga4"
"510","F13A1_ITGA9","F13a1","Itga9"
"511","F13A1_ITGB1","F13a1","Itgb1"
"512","F2_F2R","F2","F2r"
"513","F2_F2RL1","F2","F2rl1"
"514","F2_F2RL2","F2","F2rl2"
"515","F2_F2RL3","F2","F2rl3"
"516","F2_GP1BA","F2","Gp1ba"
"517","F2_GP9","F2","Gp9"
"518","F2_ITGA2B","F2","Itga2b"
"519","F2_THBD","F2","Thbd"
"520","F7_F3","F7","F3"
"521","F8_ASGR2","F8","Asgr2"
"522","F8_LDLR","F8","Ldlr"
"523","F8_LRP1","F8","Lrp1"
"524","F9_LRP1","F9","Lrp1"
"525","FASLG_FAS","Fasl","Fas"
"526","FAT4_DCHS1","Fat4","Dchs1"
"527","FBLN1_ITGB1","Fbln1","Itgb1"
"528","FBLN2_ITGB3","Fbln2","Itgb3"
"529","FBN1_ITGA5","Fbn1","Itga5"
"530","FBN1_ITGAV","Fbn1","Itgav"
"531","FBN1_ITGB1","Fbn1","Itgb1"
"532","FBN1_ITGB3","Fbn1","Itgb3"
"533","FGA_CDH5","Fga","Cdh5"
"534","FGA_ITGA2B","Fga","Itga2b"
"535","FGA_ITGA5","Fga","Itga5"
"536","FGA_ITGAM","Fga","Itgam"
"537","FGA_ITGAV","Fga","Itgav"
"538","FGA_ITGAX","Fga","Itgax"
"539","FGA_ITGB1","Fga","Itgb1"
"540","FGA_ITGB2","Fga","Itgb2"
"541","FGA_ITGB3","Fga","Itgb3"
"542","FGB_ITGA2B","Fgb","Itga2b"
"543","FGB_ITGA5","Fgb","Itga5"
"544","FGB_ITGAM","Fgb","Itgam"
"545","FGB_ITGAV","Fgb","Itgav"
"546","FGB_ITGB1","Fgb","Itgb1"
"547","FGB_ITGB2","Fgb","Itgb2"
"548","FGF10_FGFR2","Fgf10","Fgfr2"
"549","FGF13_SCN5A","Fgf13","Scn5a"
"550","FGF13_SCN8A","Fgf13","Scn8a"
"551","FGF16_FGFR2","Fgf16","Fgfr2"
"552","FGF16_FGFR3","Fgf16","Fgfr3"
"553","FGF16_FGFR4","Fgf16","Fgfr4"
"554","FGF17_FGFR1","Fgf17","Fgfr1"
"555","FGF17_FGFR2","Fgf17","Fgfr2"
"556","FGF17_FGFR3","Fgf17","Fgfr3"
"557","FGF17_FGFR4","Fgf17","Fgfr4"
"558","FGF18_FGFR1","Fgf18","Fgfr1"
"559","FGF18_FGFR2","Fgf18","Fgfr2"
"560","FGF18_FGFR3","Fgf18","Fgfr3"
"561","FGF18_FGFR4","Fgf18","Fgfr4"
"562","FGF19_FGFR1","Fgf15","Fgfr1"
"563","FGF19_FGFR2","Fgf15","Fgfr2"
"564","FGF19_FGFR3","Fgf15","Fgfr3"
"565","FGF19_FGFR4","Fgf15","Fgfr4"
"566","FGF19_KLB","Fgf15","Klb"
"567","FGF1_FGFR1","Fgf1","Fgfr1"
"568","FGF1_FGFR2","Fgf1","Fgfr2"
"569","FGF1_FGFR3","Fgf1","Fgfr3"
"570","FGF1_FGFR4","Fgf1","Fgfr4"
"571","FGF1_NRP1","Fgf1","Nrp1"
"572","FGF20_FGFR4","Fgf20","Fgfr4"
"573","FGF21_FGFR4","Fgf21","Fgfr4"
"574","FGF22_FGFR2","Fgf22","Fgfr2"
"575","FGF23_FGFR1","Fgf23","Fgfr1"
"576","FGF23_FGFR2","Fgf23","Fgfr2"
"577","FGF23_FGFR3","Fgf23","Fgfr3"
"578","FGF23_FGFR4","Fgf23","Fgfr4"
"579","FGF23_PHEX","Fgf23","Phex"
"580","FGF2_CD44","Fgf2","Cd44"
"581","FGF2_FGFR1","Fgf2","Fgfr1"
"582","FGF2_FGFR2","Fgf2","Fgfr2"
"583","FGF2_FGFR3","Fgf2","Fgfr3"
"584","FGF2_FGFR4","Fgf2","Fgfr4"
"585","FGF2_FGFRL1","Fgf2","Fgfrl1"
"586","FGF2_GPC4","Fgf2","Gpc4"
"587","FGF2_NRP1","Fgf2","Nrp1"
"588","FGF2_SDC1","Fgf2","Sdc1"
"589","FGF2_SDC2","Fgf2","Sdc2"
"590","FGF2_SDC3","Fgf2","Sdc3"
"591","FGF2_SDC4","Fgf2","Sdc4"
"592","FGF3_FGFR1","Fgf3","Fgfr1"
"593","FGF3_FGFR2","Fgf3","Fgfr2"
"594","FGF3_FGFR3","Fgf3","Fgfr3"
"595","FGF3_FGFR4","Fgf3","Fgfr4"
"596","FGF4_FGFR1","Fgf4","Fgfr1"
"597","FGF4_FGFR2","Fgf4","Fgfr2"
"598","FGF4_FGFR3","Fgf4","Fgfr3"
"599","FGF4_FGFR4","Fgf4","Fgfr4"
"600","FGF4_NRP1","Fgf4","Nrp1"
"601","FGF5_FGFR1","Fgf5","Fgfr1"
"602","FGF5_FGFR2","Fgf5","Fgfr2"
"603","FGF5_FGFR3","Fgf5","Fgfr3"
"604","FGF5_FGFR4","Fgf5","Fgfr4"
"605","FGF6_FGFR1","Fgf6","Fgfr1"
"606","FGF6_FGFR2","Fgf6","Fgfr2"
"607","FGF6_FGFR3","Fgf6","Fgfr3"
"608","FGF6_FGFR4","Fgf6","Fgfr4"
"609","FGF7_FGFR1","Fgf7","Fgfr1"
"610","FGF7_FGFR2","Fgf7","Fgfr2"
"611","FGF7_FGFR3","Fgf7","Fgfr3"
"612","FGF7_FGFR4","Fgf7","Fgfr4"
"613","FGF7_NRP1","Fgf7","Nrp1"
"614","FGF8_FGFR1","Fgf8","Fgfr1"
"615","FGF8_FGFR2","Fgf8","Fgfr2"
"616","FGF8_FGFR3","Fgf8","Fgfr3"
"617","FGF8_FGFR4","Fgf8","Fgfr4"
"618","FGF9_FGFR1","Fgf9","Fgfr1"
"619","FGF9_FGFR2","Fgf9","Fgfr2"
"620","FGF9_FGFR3","Fgf9","Fgfr3"
"621","FGF9_FGFR4","Fgf9","Fgfr4"
"622","FGG_ITGA2B","Fgg","Itga2b"
"623","FGG_ITGA5","Fgg","Itga5"
"624","FGG_ITGAV","Fgg","Itgav"
"625","FGG_ITGB1","Fgg","Itgb1"
"626","FGG_ITGB2","Fgg","Itgb2"
"627","FGL1_EGFR","Fgl1","Egfr"
"628","FLT3LG_FLT3","Flt3l","Flt3"
"629","FN1_CD44","Fn1","Cd44"
"630","FN1_COL13A1","Fn1","Col13a1"
"631","FN1_ITGA2","Fn1","Itga2"
"632","FN1_ITGA2B","Fn1","Itga2b"
"633","FN1_ITGA3","Fn1","Itga3"
"634","FN1_ITGA4","Fn1","Itga4"
"635","FN1_ITGA5","Fn1","Itga5"
"636","FN1_ITGA8","Fn1","Itga8"
"637","FN1_ITGA9","Fn1","Itga9"
"638","FN1_ITGAV","Fn1","Itgav"
"639","FN1_ITGB1","Fn1","Itgb1"
"640","FN1_ITGB3","Fn1","Itgb3"
"641","FN1_ITGB6","Fn1","Itgb6"
"642","FN1_ITGB7","Fn1","Itgb7"
"643","FN1_ITGB8","Fn1","Itgb8"
"644","FN1_MAG","Fn1","Mag"
"645","FN1_NT5E","Fn1","Nt5e"
"646","FN1_PLAUR","Fn1","Plaur"
"647","FN1_SDC2","Fn1","Sdc2"
"648","FN1_TMPRSS6","Fn1","Tmprss6"
"649","FN1_TNFRSF11B","Fn1","Tnfrsf11b"
"650","FN1_TSHR","Fn1","Tshr"
"651","FSHB_FSHR","Fshb","Fshr"
"652","GALP_GALR1","Galp","Galr1"
"653","GALP_GALR2","Galp","Galr2"
"654","GALP_GALR3","Galp","Galr3"
"655","GAL_GALR1","Gal","Galr1"
"656","GAL_GALR2","Gal","Galr2"
"657","GAL_GALR3","Gal","Galr3"
"658","GAL_GPR151","Gal","Gpr151"
"659","GAS6_AXL","Gas6","Axl"
"660","GAS6_MERTK","Gas6","Mertk"
"661","GAS6_TYRO3","Gas6","Tyro3"
"662","GAST_CCKBR","Gast","Cckbr"
"663","GDF11_ACVR1B","Gdf11","Acvr1b"
"664","GDF11_ACVR2A","Gdf11","Acvr2a"
"665","GDF11_ACVR2B","Gdf11","Acvr2b"
"666","GDF2_ACVR1","Gdf2","Acvr1"
"667","GDF2_ACVR2A","Gdf2","Acvr2a"
"668","GDF2_ACVR2B","Gdf2","Acvr2b"
"669","GDF2_ACVRL1","Gdf2","Acvrl1"
"670","GDF2_BMPR2","Gdf2","Bmpr2"
"671","GDF2_ENG","Gdf2","Eng"
"672","GDF5_ACVR1","Gdf5","Acvr1"
"673","GDF5_ACVR2A","Gdf5","Acvr2a"
"674","GDF5_ACVR2B","Gdf5","Acvr2b"
"675","GDF5_BMPR1A","Gdf5","Bmpr1a"
"676","GDF5_BMPR1B","Gdf5","Bmpr1b"
"677","GDF5_BMPR2","Gdf5","Bmpr2"
"678","GDF5_ROR2","Gdf5","Ror2"
"679","GDF6_BMPR1A","Gdf6","Bmpr1a"
"680","GDF6_BMPR1B","Gdf6","Bmpr1b"
"681","GDF6_BMPR2","Gdf6","Bmpr2"
"682","GDF7_ACVR2A","Gdf7","Acvr2a"
"683","GDF7_BMPR1A","Gdf7","Bmpr1a"
"684","GDF7_BMPR2","Gdf7","Bmpr2"
"685","GDF9_ACVR2A","Gdf9","Acvr2a"
"686","GDF9_BMPR1A","Gdf9","Bmpr1a"
"687","GDF9_BMPR1B","Gdf9","Bmpr1b"
"688","GDF9_BMPR2","Gdf9","Bmpr2"
"689","GDF9_FXYD6","Gdf9","Fxyd6"
"690","GDF9_ORAI2","Gdf9","Orai2"
"691","GDF9_TGFBR1","Gdf9","Tgfbr1"
"692","GDNF_GFRA1","Gdnf","Gfra1"
"693","GDNF_GFRA2","Gdnf","Gfra2"
"694","GDNF_RET","Gdnf","Ret"
"695","GHRH_GHRHR","Ghrh","Ghrhr"
"696","GHRH_VIPR1","Ghrh","Vipr1"
"697","GHRL_GHRHR","Ghrl","Ghrhr"
"698","GHRL_GHSR","Ghrl","Ghsr"
"699","GHRL_GPR39","Ghrl","Gpr39"
"700","GIP_DPP4","Gip","Dpp4"
"701","GIP_GIPR","Gip","Gipr"
"702","GNAI2_ADCY1","Gnai2","Adcy1"
"703","GNAI2_ADORA1","Gnai2","Adora1"
"704","GNAI2_ADRA2A","Gnai2","Adra2a"
"705","GNAI2_ADRA2B","Gnai2","Adra2b"
"706","GNAI2_AGTR2","Gnai2","Agtr2"
"707","GNAI2_C5AR1","Gnai2","C5ar1"
"708","GNAI2_CAV1","Gnai2","Cav1"
"709","GNAI2_CCR5","Gnai2","Ccr5"
"710","GNAI2_CHRM1","Gnai2","Chrm1"
"711","GNAI2_CNR1","Gnai2","Cnr1"
"712","GNAI2_CXCR1","Gnai2","Cxcr1"
"713","GNAI2_CXCR2","Gnai2","Cxcr2"
"714","GNAI2_DRD2","Gnai2","Drd2"
"715","GNAI2_EDNRA","Gnai2","Ednra"
"716","GNAI2_EGFR","Gnai2","Egfr"
"717","GNAI2_F2R","Gnai2","F2r"
"718","GNAI2_FPR1","Gnai2","Fpr1"
"719","GNAI2_IGF1R","Gnai2","Igf1r"
"720","GNAI2_LHCGR","Gnai2","Lhcgr"
"721","GNAI2_LPAR3","Gnai2","Lpar3"
"722","GNAI2_MTNR1A","Gnai2","Mtnr1a"
"723","GNAI2_MTNR1B","Gnai2","Mtnr1b"
"724","GNAI2_OPRD1","Gnai2","Oprd1"
"725","GNAI2_OPRM1","Gnai2","Oprm1"
"726","GNAI2_P2RY12","Gnai2","P2ry12"
"727","GNAI2_PTPRU","Gnai2","Ptpru"
"728","GNAI2_TBXA2R","Gnai2","Tbxa2r"
"729","GNAI2_TSHR","Gnai2","Tshr"
"730","GNAS_ADORA1","Gnas","Adora1"
"731","GNAS_ADRB3","Gnas","Adrb3"
"732","GNAS_AVPR2","Gnas","Avpr2"
"733","GNAS_CRHR1","Gnas","Crhr1"
"734","GNAS_GCGR","Gnas","Gcgr"
"735","GNAS_HTR6","Gnas","Htr6"
"736","GNAS_LHCGR","Gnas","Lhcgr"
"737","GNAS_PTGDR","Gnas","Ptgdr"
"738","GNAS_PTGIR","Gnas","Ptgir"
"739","GNAS_TSHR","Gnas","Tshr"
"740","GNAS_VIPR1","Gnas","Vipr1"
"741","GNB3_TGFBR1","Gnb3","Tgfbr1"
"742","GNRH1_GNRHR","Gnrh1","Gnrhr"
"743","GPC3_CD81","Gpc3","Cd81"
"744","GPC3_IGF1R","Gpc3","Igf1r"
"745","GPHA2_TSHR","Gpha2","Tshr"
"746","GPI_AMFR","Gpi1","Amfr"
"747","GRP_BRS3","Grp","Brs3"
"748","GRP_GRPR","Grp","Grpr"
"749","GRP_NMBR","Grp","Nmbr"
"750","GUCA2A_GUCY2C","Guca2a","Gucy2c"
"751","GUCA2B_GUCY2C","Guca2b","Gucy2c"
"752","GUCA2B_GUCY2D","Guca2b","Gucy2e"
"753","HAS2_CD44","Has2","Cd44"
"754","HAS2_HMMR","Has2","Hmmr"
"755","HBEGF_CD44","Hbegf","Cd44"
"756","HBEGF_CD82","Hbegf","Cd82"
"757","HBEGF_CD9","Hbegf","Cd9"
"758","HBEGF_EGFR","Hbegf","Egfr"
"759","HBEGF_ERBB2","Hbegf","Erbb2"
"760","HBEGF_ERBB4","Hbegf","Erbb4"
"761","HCRT_HCRTR1","Hcrt","Hcrtr1"
"762","HCRT_HCRTR2","Hcrt","Hcrtr2"
"763","HCRT_NPFFR2","Hcrt","Npffr2"
"764","HGF_CD44","Hgf","Cd44"
"765","HGF_MET","Hgf","Met"
"766","HGF_SDC1","Hgf","Sdc1"
"767","HGF_SDC2","Hgf","Sdc2"
"768","HGF_ST14","Hgf","St14"
"769","HLA-G_KLRC1","H2-M3","Klrc1"
"770","HLA-G_KLRD1","H2-M3","Klrd1"
"771","HP_ITGAM","Hp","Itgam"
"772","HP_ITGB2","Hp","Itgb2"
"773","HRAS_AGTR1","Hras","Agtr1a"
"774","HRAS_CAV1","Hras","Cav1"
"775","HRAS_GRIN2D","Hras","Grin2d"
"776","HRAS_INSR","Hras","Insr"
"777","HRAS_TLR2","Hras","Tlr2"
"778","HRAS_TLR9","Hras","Tlr9"
"779","HSP90AA1_CFTR","Hsp90aa1","Cftr"
"780","HSP90AA1_EGFR","Hsp90aa1","Egfr"
"781","HSP90AA1_FGFR3","Hsp90aa1","Fgfr3"
"782","HSPG2_COL13A1","Hspg2","Col13a1"
"783","HSPG2_ITGA2","Hspg2","Itga2"
"784","HSPG2_ITGB1","Hspg2","Itgb1"
"785","HSPG2_PTPRS","Hspg2","Ptprs"
"786","IAPP_CALCR","Iapp","Calcr"
"787","IAPP_RAMP1","Iapp","Ramp1"
"788","IAPP_RAMP2","Iapp","Ramp2"
"789","ICAM1_EGFR","Icam1","Egfr"
"790","ICAM1_IL2RA","Icam1","Il2ra"
"791","ICAM1_IL2RG","Icam1","Il2rg"
"792","ICAM1_ITGAL","Icam1","Itgal"
"793","ICAM1_ITGAM","Icam1","Itgam"
"794","ICAM1_ITGAX","Icam1","Itgax"
"795","ICAM1_ITGB2","Icam1","Itgb2"
"796","ICAM2_ITGAL","Icam2","Itgal"
"797","ICAM2_ITGAM","Icam2","Itgam"
"798","ICAM2_ITGB2","Icam2","Itgb2"
"799","ICAM4_ITGA2B","Icam4","Itga2b"
"800","ICAM4_ITGA4","Icam4","Itga4"
"801","ICAM4_ITGAL","Icam4","Itgal"
"802","ICAM4_ITGAM","Icam4","Itgam"
"803","ICAM4_ITGAV","Icam4","Itgav"
"804","ICAM4_ITGB1","Icam4","Itgb1"
"805","ICAM4_ITGB2","Icam4","Itgb2"
"806","ICAM4_ITGB3","Icam4","Itgb3"
"807","ICAM4_RHAG","Icam4","Rhag"
"808","ICAM5_ITGAL","Icam5","Itgal"
"809","ICAM5_ITGB2","Icam5","Itgb2"
"810","IFNB1_IFNAR1","Ifnb1","Ifnar1"
"811","IFNB1_IFNAR2","Ifnb1","Ifnar2"
"812","IFNG_IFNGR1","Ifng","Ifngr1"
"813","IFNG_IFNGR2","Ifng","Ifngr2"
"814","IGF1_IGF1R","Igf1","Igf1r"
"815","IGF2_IGF1R","Igf2","Igf1r"
"816","IGF2_IGF2R","Igf2","Igf2r"
"817","IGF2_INSR","Igf2","Insr"
"818","IGFBP4_FZD8","Igfbp4","Fzd8"
"819","IGFBP4_LRP6","Igfbp4","Lrp6"
"820","IGFL3_IGFLR1","Igfl3","Igflr1"
"821","IHH_BOC","Ihh","Boc"
"822","IHH_CDON","Ihh","Cdon"
"823","IHH_HHIP","Ihh","Hhip"
"824","IHH_PTCH1","Ihh","Ptch1"
"825","IHH_PTCH2","Ihh","Ptch2"
"826","IL10_IL10RA","Il10","Il10ra"
"827","IL10_IL10RB","Il10","Il10rb"
"828","IL11_IL6ST","Il11","Il6st"
"829","IL12A_CD28","Il12a","Cd28"
"830","IL12A_IL12RB1","Il12a","Il12rb1"
"831","IL12A_IL12RB2","Il12a","Il12rb2"
"832","IL12B_IL12RB1","Il12b","Il12rb1"
"833","IL12B_IL12RB2","Il12b","Il12rb2"
"834","IL12B_IL23R","Il12b","Il23r"
"835","IL13_IL13RA1","Il13","Il13ra1"
"836","IL13_IL13RA2","Il13","Il13ra2"
"837","IL13_IL2RG","Il13","Il2rg"
"838","IL13_IL4R","Il13","Il4ra"
"839","IL15_IL15RA","Il15","Il15ra"
"840","IL15_IL2RA","Il15","Il2ra"
"841","IL15_IL2RB","Il15","Il2rb"
"842","IL15_IL2RG","Il15","Il2rg"
"843","IL16_CD4","Il16","Cd4"
"844","IL16_GRIN2C","Il16","Grin2c"
"845","IL16_GRIN2D","Il16","Grin2d"
"846","IL16_KCNA3","Il16","Kcna3"
"847","IL16_KCND1","Il16","Kcnd1"
"848","IL16_KCND2","Il16","Kcnd2"
"849","IL16_KCNJ10","Il16","Kcnj10"
"850","IL16_KCNJ15","Il16","Kcnj15"
"851","IL16_KCNJ4","Il16","Kcnj4"
"852","IL17A_IL17RA","Il17a","Il17ra"
"853","IL17A_IL17RC","Il17a","Il17rc"
"854","IL17B_IL17RB","Il17b","Il17rb"
"855","IL17F_IL17RA","Il17f","Il17ra"
"856","IL18_IL18R1","Il18","Il18r1"
"857","IL18_IL18RAP","Il18","Il18rap"
"858","IL18_IL1RAPL1","Il18","Il1rapl1"
"859","IL18_IL1RL2","Il18","Il1rl2"
"860","IL19_IL20RA","Il19","Il20ra"
"861","IL19_IL20RB","Il19","Il20rb"
"862","IL1A_IL1R1","Il1a","Il1r1"
"863","IL1A_IL1R2","Il1a","Il1r2"
"864","IL1A_IL1RAP","Il1a","Il1rap"
"865","IL1B_ADRB2","Il1b","Adrb2"
"866","IL1B_IL1R1","Il1b","Il1r1"
"867","IL1B_IL1R2","Il1b","Il1r2"
"868","IL1B_IL1RAP","Il1b","Il1rap"
"869","IL1F10_IL1R1","Il1f10","Il1r1"
"870","IL1RN_IL1R1","Il1rn","Il1r1"
"871","IL1RN_IL1R2","Il1rn","Il1r2"
"872","IL20_IL20RA","Il20","Il20ra"
"873","IL20_IL20RB","Il20","Il20rb"
"874","IL20_IL22RA1","Il20","Il22ra1"
"875","IL21_IL21R","Il21","Il21r"
"876","IL21_IL2RG","Il21","Il2rg"
"877","IL23A_IL12RB1","Il23a","Il12rb1"
"878","IL23A_IL23R","Il23a","Il23r"
"879","IL24_IL20RA","Il24","Il20ra"
"880","IL24_IL20RB","Il24","Il20rb"
"881","IL24_IL22RA1","Il24","Il22ra1"
"882","IL25_IL17RB","Il25","Il17rb"
"883","IL27_IL27RA","Il27","Il27ra"
"884","IL2_CD53","Il2","Cd53"
"885","IL2_IL2RA","Il2","Il2ra"
"886","IL2_IL2RB","Il2","Il2rb"
"887","IL2_IL2RG","Il2","Il2rg"
"888","IL2_NGFR","Il2","Ngfr"
"889","IL34_CSF1R","Il34","Csf1r"
"890","IL4_CD53","Il4","Cd53"
"891","IL4_IL13RA1","Il4","Il13ra1"
"892","IL4_IL13RA2","Il4","Il13ra2"
"893","IL4_IL2RG","Il4","Il2rg"
"894","IL4_IL4R","Il4","Il4ra"
"895","IL5_IL5RA","Il5","Il5ra"
"896","IL6_IL6R","Il6","Il6ra"
"897","IL6_IL6ST","Il6","Il6st"
"898","IL7_IL2RG","Il7","Il2rg"
"899","IL7_IL7R","Il7","Il7r"
"900","IL9_IL2RG","Il9","Il2rg"
"901","IL9_IL9R","Il9","Il9r"
"902","INHA_ACVR2A","Inha","Acvr2a"
"903","INHA_TGFBR3","Inha","Tgfbr3"
"904","INHBA_ACVR1","Inhba","Acvr1"
"905","INHBA_ACVR1B","Inhba","Acvr1b"
"906","INHBA_ACVR2A","Inhba","Acvr2a"
"907","INHBA_ACVR2B","Inhba","Acvr2b"
"908","INHBA_BAMBI","Inhba","Bambi"
"909","INHBA_ENG","Inhba","Eng"
"910","INHBA_TGFBR3","Inhba","Tgfbr3"
"911","INHBB_ACVR1","Inhbb","Acvr1"
"912","INHBB_ACVR1B","Inhbb","Acvr1b"
"913","INHBB_ACVR1C","Inhbb","Acvr1c"
"914","INHBB_ACVR2A","Inhbb","Acvr2a"
"915","INHBB_ACVR2B","Inhbb","Acvr2b"
"916","INHBC_ACVR1","Inhbc","Acvr1"
"917","INHBC_ACVR1B","Inhbc","Acvr1b"
"918","INHBC_ACVR2A","Inhbc","Acvr2a"
"919","INHBC_ACVR2B","Inhbc","Acvr2b"
"920","INSL3_RXFP2","Insl3","Rxfp2"
"921","INSL5_RXFP3","Insl5","Rxfp3"
"922","INSL5_RXFP4","Insl5","Rxfp4"
"923","INS_IGF1R","Ins2","Igf1r"
"924","INS_INSR","Ins2","Insr"
"925","INS_LRP2","Ins2","Lrp2"
"926","ITGB3BP_ITGB3","Itgb3bp","Itgb3"
"927","ITGB3BP_ITGB5","Itgb3bp","Itgb5"
"928","ITIH2_FCER1A","Itih2","Fcer1a"
"929","JAG1_NOTCH1","Jag1","Notch1"
"930","JAG1_NOTCH2","Jag1","Notch2"
"931","JAG1_NOTCH3","Jag1","Notch3"
"932","JAG1_NOTCH4","Jag1","Notch4"
"933","JAG2_NOTCH1","Jag2","Notch1"
"934","JAG2_NOTCH2","Jag2","Notch2"
"935","JAG2_NOTCH3","Jag2","Notch3"
"936","KISS1_KISS1R","Kiss1","Kiss1r"
"937","KISS1_MMP24","Kiss1","Mmp24"
"938","KITLG_EPOR","Kitl","Epor"
"939","KITLG_KIT","Kitl","Kit"
"940","L1CAM_CNTN1","L1cam","Cntn1"
"941","L1CAM_EGFR","L1cam","Egfr"
"942","L1CAM_ERBB2","L1cam","Erbb2"
"943","L1CAM_ERBB3","L1cam","Erbb3"
"944","L1CAM_ITGA5","L1cam","Itga5"
"945","L1CAM_ITGAV","L1cam","Itgav"
"946","LAMA1_ITGA1","Lama1","Itga1"
"947","LAMA1_ITGA2","Lama1","Itga2"
"948","LAMA1_ITGA7","Lama1","Itga7"
"949","LAMA1_ITGB1","Lama1","Itgb1"
"950","LAMA1_ITGB8","Lama1","Itgb8"
"951","LAMA1_NT5E","Lama1","Nt5e"
"952","LAMA1_RPSA","Lama1","Rpsa"
"953","LAMA1_TMPRSS6","Lama1","Tmprss6"
"954","LAMA2_ITGA7","Lama2","Itga7"
"955","LAMA2_ITGB1","Lama2","Itgb1"
"956","LAMA2_RPSA","Lama2","Rpsa"
"957","LAMA3_SDC2","Lama3","Sdc2"
"958","LAMA5_BCAM","Lama5","Bcam"
"959","LAMB1_ITGA6","Lamb1","Itga6"
"960","LAMB1_ITGB1","Lamb1","Itgb1"
"961","LAMB2_RPSA","Lamb2","Rpsa"
"962","LAMC2_ITGA3","Lamc2","Itga3"
"963","LAMC2_ITGA6","Lamc2","Itga6"
"964","LAMC2_ITGB1","Lamc2","Itgb1"
"965","LAMC2_ITGB4","Lamc2","Itgb4"
"966","LCN2_LRP2","Lcn2","Lrp2"
"967","LEFTY2_ACVR2B","Lefty2","Acvr2b"
"968","LEP_LEPR","Lep","Lepr"
"969","LGALS3BP_ITGB1","Lgals3bp","Itgb1"
"970","LHB_LHCGR","Lhb","Lhcgr"
"971","LIF_IL6ST","Lif","Il6st"
"972","LIF_LIFR","Lif","Lifr"
"973","LIN7C_ABCA1","Lin7c","Abca1"
"974","LIN7C_HTR2C","Lin7c","Htr2c"
"975","LIPC_LRP1","Lipc","Lrp1"
"976","LIPH_LPAR1","Liph","Lpar1"
"977","LIPH_LPAR2","Liph","Lpar2"
"978","LIPH_LPAR4","Liph","Lpar4"
"979","LPL_LRP1","Lpl","Lrp1"
"980","LPL_LRP2","Lpl","Lrp2"
"981","LPL_SDC1","Lpl","Sdc1"
"982","LPL_VLDLR","Lpl","Vldlr"
"983","LRP1B_PLAUR","Lrp1b","Plaur"
"984","LRPAP1_LDLR","Lrpap1","Ldlr"
"985","LRPAP1_LRP1","Lrpap1","Lrp1"
"986","LRPAP1_LRP2","Lrpap1","Lrp2"
"987","LRPAP1_LRP8","Lrpap1","Lrp8"
"988","LRPAP1_SORL1","Lrpap1","Sorl1"
"989","LRPAP1_SORT1","Lrpap1","Sort1"
"990","LRPAP1_VLDLR","Lrpap1","Vldlr"
"991","LTA_LTBR","Lta","Ltbr"
"992","LTA_TNFRSF14","Lta","Tnfrsf14"
"993","LTA_TNFRSF1A","Lta","Tnfrsf1a"
"994","LTA_TNFRSF1B","Lta","Tnfrsf1b"
"995","LTBP1_ITGB5","Ltbp1","Itgb5"
"996","LTBP3_ITGB5","Ltbp3","Itgb5"
"997","LTB_CD40","Ltb","Cd40"
"998","LTB_LTBR","Ltb","Ltbr"
"999","LTB_TNFRSF1A","Ltb","Tnfrsf1a"
"1000","LTF_LRP1","Ltf","Lrp1"
"1001","LTF_LRP11","Ltf","Lrp11"
"1002","LY86_CD180","Ly86","Cd180"
"1003","MATN1_ITGA1","Matn1","Itga1"
"1004","MATN1_ITGB1","Matn1","Itgb1"
"1005","MBL2_CALCR","Mbl2","Calcr"
"1006","MBL2_CD93","Mbl2","Cd93"
"1007","MDK_ALK","Mdk","Alk"
"1008","MDK_LRP1","Mdk","Lrp1"
"1009","MDK_LRP2","Mdk","Lrp2"
"1010","MDK_PTPRZ1","Mdk","Ptprz1"
"1011","MDK_SDC1","Mdk","Sdc1"
"1012","MDK_SDC3","Mdk","Sdc3"
"1013","MDK_SDC4","Mdk","Sdc4"
"1014","MDK_TSPAN1","Mdk","Tspan1"
"1015","MEPE_PHEX","Mepe","Phex"
"1016","MFAP2_NOTCH1","Mfap2","Notch1"
"1017","MFAP5_NOTCH1","Mfap5","Notch1"
"1018","MFGE8_ITGAV","Mfge8","Itgav"
"1019","MFGE8_ITGB3","Mfge8","Itgb3"
"1020","MFGE8_PDGFRB","Mfge8","Pdgfrb"
"1021","MFNG_NOTCH1","Mfng","Notch1"
"1022","MFNG_NOTCH2","Mfng","Notch2"
"1023","MIA_CDH7","Mia","Cdh7"
"1024","MMP12_PLAUR","Mmp12","Plaur"
"1025","MMP13_LRP1","Mmp13","Lrp1"
"1026","MMP1_CD44","Mmp1a","Cd44"
"1027","MMP1_ITGA2","Mmp1a","Itga2"
"1028","MMP2_SDC2","Mmp2","Sdc2"
"1029","MMP7_CD151","Mmp7","Cd151"
"1030","MMP7_CD44","Mmp7","Cd44"
"1031","MMP7_ERBB4","Mmp7","Erbb4"
"1032","MMP9_CD44","Mmp9","Cd44"
"1033","MMP9_EPHB2","Mmp9","Ephb2"
"1034","MMP9_LRP1","Mmp9","Lrp1"
"1035","MST1_MST1R","Mst1","Mst1r"
"1036","MSTN_ACVR2B","Mstn","Acvr2b"
"1037","MUC2_AGR2","Muc2","Agr2"
"1038","MYOC_FZD1","Myoc","Fzd1"
"1039","MYOC_FZD10","Myoc","Fzd10"
"1040","MYOC_FZD3","Myoc","Fzd3"
"1041","MYOC_FZD4","Myoc","Fzd4"
"1042","MYOC_FZD7","Myoc","Fzd7"
"1043","NAMPT_INSR","Nampt","Insr"
"1044","NCAM1_FGFR1","Ncam1","Fgfr1"
"1045","NCAM1_GFRA1","Ncam1","Gfra1"
"1046","NCAM1_ROBO1","Ncam1","Robo1"
"1047","NCAM1_ROBO3","Ncam1","Robo3"
"1048","NDP_FZD4","Ndp","Fzd4"
"1049","NDP_LGR4","Ndp","Lgr4"
"1050","NGF_NGFR","Ngf","Ngfr"
"1051","NGF_NTRK1","Ngf","Ntrk1"
"1052","NGF_SORCS3","Ngf","Sorcs3"
"1053","NGF_SORT1","Ngf","Sort1"
"1054","NID1_COL13A1","Nid1","Col13a1"
"1055","NID1_ITGAV","Nid1","Itgav"
"1056","NID1_ITGB3","Nid1","Itgb3"
"1057","NID1_PTPRF","Nid1","Ptprf"
"1058","NID2_COL13A1","Nid2","Col13a1"
"1059","NLGN1_NRXN1","Nlgn1","Nrxn1"
"1060","NLGN1_NRXN2","Nlgn1","Nrxn2"
"1061","NLGN2_NRXN1","Nlgn2","Nrxn1"
"1062","NLGN2_NRXN2","Nlgn2","Nrxn2"
"1063","NLGN3_NRXN1","Nlgn3","Nrxn1"
"1064","NLGN3_NRXN2","Nlgn3","Nrxn2"
"1065","NMB_BRS3","Nmb","Brs3"
"1066","NMB_GRPR","Nmb","Grpr"
"1067","NMB_NMBR","Nmb","Nmbr"
"1068","NMS_NMUR1","Nms","Nmur1"
"1069","NMS_NMUR2","Nms","Nmur2"
"1070","NMU_NMUR1","Nmu","Nmur1"
"1071","NMU_NMUR2","Nmu","Nmur2"
"1072","NODAL_ACVR1B","Nodal","Acvr1b"
"1073","NODAL_ACVR1C","Nodal","Acvr1c"
"1074","NODAL_ACVR2A","Nodal","Acvr2a"
"1075","NODAL_ACVR2B","Nodal","Acvr2b"
"1076","NOV_NOTCH1","Nov","Notch1"
"1077","NPB_NPBWR1","Npb","Npbwr1"
"1078","NPFF_NPFFR1","Npff","Npffr1"
"1079","NPFF_NPFFR2","Npff","Npffr2"
"1080","NPNT_ITGA8","Npnt","Itga8"
"1081","NPNT_ITGB1","Npnt","Itgb1"
"1082","NPPA_NPR1","Nppa","Npr1"
"1083","NPPA_NPR3","Nppa","Npr3"
"1084","NPPC_NPR2","Nppc","Npr2"
"1085","NPPC_NPR3","Nppc","Npr3"
"1086","NPS_NPSR1","Nps","Npsr1"
"1087","NPVF_NPFFR1","Npvf","Npffr1"
"1088","NPVF_NPFFR2","Npvf","Npffr2"
"1089","NPW_NPBWR1","Npw","Npbwr1"
"1090","NPY_FAP","Npy","Fap"
"1091","NPY_MC4R","Npy","Mc4r"
"1092","NPY_NPFFR2","Npy","Npffr2"
"1093","NPY_NPY1R","Npy","Npy1r"
"1094","NPY_NPY2R","Npy","Npy2r"
"1095","NPY_NPY5R","Npy","Npy5r"
"1096","NPY_PRLHR","Npy","Prlhr"
"1097","NRG2_ERBB3","Nrg2","Erbb3"
"1098","NRG2_ERBB4","Nrg2","Erbb4"
"1099","NRG3_ERBB4","Nrg3","Erbb4"
"1100","NRG4_ERBB4","Nrg4","Erbb4"
"1101","NRTN_GFRA1","Nrtn","Gfra1"
"1102","NRTN_GFRA2","Nrtn","Gfra2"
"1103","NRTN_RET","Nrtn","Ret"
"1104","NTF3_NGFR","Ntf3","Ngfr"
"1105","NTF3_NTRK1","Ntf3","Ntrk1"
"1106","NTF3_NTRK2","Ntf3","Ntrk2"
"1107","NTF3_NTRK3","Ntf3","Ntrk3"
"1108","NTF4_NGFR","Ntf5","Ngfr"
"1109","NTF4_NTRK1","Ntf5","Ntrk1"
"1110","NTF4_NTRK2","Ntf5","Ntrk2"
"1111","NTN1_ADORA2B","Ntn1","Adora2b"
"1112","NTN1_DCC","Ntn1","Dcc"
"1113","NTN1_NEO1","Ntn1","Neo1"
"1114","NTN1_UNC5A","Ntn1","Unc5a"
"1115","NTN1_UNC5B","Ntn1","Unc5b"
"1116","NTN1_UNC5C","Ntn1","Unc5c"
"1117","NTN1_UNC5D","Ntn1","Unc5d"
"1118","NTN3_CDON","Ntn3","Cdon"
"1119","NTN3_NEO1","Ntn3","Neo1"
"1120","NTN4_DCC","Ntn4","Dcc"
"1121","NTN4_UNC5A","Ntn4","Unc5a"
"1122","NTNG1_LRRC4C","Ntng1","Lrrc4c"
"1123","NTNG2_LRRC4","Ntng2","Lrrc4"
"1124","NTS_NTSR1","Nts","Ntsr1"
"1125","NTS_NTSR2","Nts","Ntsr2"
"1126","NTS_SORT1","Nts","Sort1"
"1127","NXPH1_NRXN1","Nxph1","Nrxn1"
"1128","NXPH1_NRXN2","Nxph1","Nrxn2"
"1129","NXPH2_NRXN1","Nxph2","Nrxn1"
"1130","NXPH3_NRXN1","Nxph3","Nrxn1"
"1131","NXPH3_NRXN2","Nxph3","Nrxn2"
"1132","OLFM2_ROBO2","Olfm2","Robo2"
"1133","OMG_LINGO1","Omg","Lingo1"
"1134","OMG_RTN4R","Omg","Rtn4r"
"1135","OMG_RTN4RL1","Omg","Rtn4rl1"
"1136","OMG_TNFRSF1B","Omg","Tnfrsf1b"
"1137","OSM_IL6ST","Osm","Il6st"
"1138","OSM_LIFR","Osm","Lifr"
"1139","OSM_OSMR","Osm","Osmr"
"1140","OSTN_NPR3","Ostn","Npr3"
"1141","OXT_AVPR1A","Oxt","Avpr1a"
"1142","OXT_AVPR1B","Oxt","Avpr1b"
"1143","OXT_AVPR2","Oxt","Avpr2"
"1144","OXT_OXTR","Oxt","Oxtr"
"1145","PCSK9_VLDLR","Pcsk9","Vldlr"
"1146","PDAP1_PDGFRB","Pdap1","Pdgfrb"
"1147","PDGFA_PDGFRA","Pdgfa","Pdgfra"
"1148","PDGFB_ART1","Pdgfb","Art1"
"1149","PDGFB_LRP1","Pdgfb","Lrp1"
"1150","PDGFB_PDGFRA","Pdgfb","Pdgfra"
"1151","PDGFB_PDGFRB","Pdgfb","Pdgfrb"
"1152","PDGFC_FLT4","Pdgfc","Flt4"
"1153","PDGFC_KDR","Pdgfc","Kdr"
"1154","PDGFC_PDGFRA","Pdgfc","Pdgfra"
"1155","PDGFD_PDGFRB","Pdgfd","Pdgfrb"
"1156","PDYN_OPRD1","Pdyn","Oprd1"
"1157","PDYN_OPRK1","Pdyn","Oprk1"
"1158","PDYN_OPRM1","Pdyn","Oprm1"
"1159","PENK_MRGPRX1","Penk","Mrgprb2"
"1160","PENK_OGFR","Penk","Ogfr"
"1161","PENK_OPRD1","Penk","Oprd1"
"1162","PENK_OPRM1","Penk","Oprm1"
"1163","PF4_CXCR3","Pf4","Cxcr3"
"1164","PF4_FGFR2","Pf4","Fgfr2"
"1165","PF4_LDLR","Pf4","Ldlr"
"1166","PF4_PROCR","Pf4","Procr"
"1167","PF4_SDC2","Pf4","Sdc2"
"1168","PF4_THBD","Pf4","Thbd"
"1169","PGF_FLT1","Pgf","Flt1"
"1170","PGF_NRP1","Pgf","Nrp1"
"1171","PGF_NRP2","Pgf","Nrp2"
"1172","PIGF_FLT1","Pigf","Flt1"
"1173","PIP_CD4","Pip","Cd4"
"1174","PLA2G10_PLA2R1","Pla2g10","Pla2r1"
"1175","PLAT_LRP1","Plat","Lrp1"
"1176","PLAU_IGF2R","Plau","Igf2r"
"1177","PLAU_LRP1","Plau","Lrp1"
"1178","PLAU_LRP2","Plau","Lrp2"
"1179","PLAU_PLAUR","Plau","Plaur"
"1180","PLAU_ST14","Plau","St14"
"1181","PLG_F2R","Plg","F2r"
"1182","PLG_F2RL1","Plg","F2rl1"
"1183","PLG_F3","Plg","F3"
"1184","PLG_ITGA9","Plg","Itga9"
"1185","PLG_ITGB1","Plg","Itgb1"
"1186","PLG_PLGRKT","Plg","Plgrkt"
"1187","PLTP_ABCA1","Pltp","Abca1"
"1188","PMCH_MCHR1","Pmch","Mchr1"
"1189","PNOC_OPRL1","Pnoc","Oprl1"
"1190","PODXL2_SELL","Podxl2","Sell"
"1191","POMC_MC1R","Pomc","Mc1r"
"1192","POMC_MC2R","Pomc","Mc2r"
"1193","POMC_MC3R","Pomc","Mc3r"
"1194","POMC_MC4R","Pomc","Mc4r"
"1195","POMC_MC5R","Pomc","Mc5r"
"1196","POMC_OPRD1","Pomc","Oprd1"
"1197","POMC_OPRK1","Pomc","Oprk1"
"1198","POMC_OPRM1","Pomc","Oprm1"
"1199","PON2_HTR2A","Pon2","Htr2a"
"1200","PPY_NPY5R","Ppy","Npy5r"
"1201","PRLH_PRLHR","Prlh","Prlhr"
"1202","PRL_PRLR","Prl","Prlr"
"1203","PROC_PROCR","Proc","Procr"
"1204","PROC_THBD","Proc","Thbd"
"1205","PROK1_PROKR1","Prok1","Prokr1"
"1206","PROK1_PROKR2","Prok1","Prokr2"
"1207","PROK2_PROKR1","Prok2","Prokr1"
"1208","PROK2_PROKR2","Prok2","Prokr2"
"1209","PROS1_AXL","Pros1","Axl"
"1210","PROS1_TYRO3","Pros1","Tyro3"
"1211","PRSS23_TMEM222","Prss23","Tmem222"
"1212","PSAP_CELSR1","Psap","Celsr1"
"1213","PSAP_GPR37","Psap","Gpr37"
"1214","PSAP_GPR37L1","Psap","Gpr37l1"
"1215","PSAP_LRP1","Psap","Lrp1"
"1216","PSEN1_NCSTN","Psen1","Ncstn"
"1217","PSEN1_NOTCH1","Psen1","Notch1"
"1218","PSEN1_NOTCH2","Psen1","Notch2"
"1219","PSEN1_NOTCH3","Psen1","Notch3"
"1220","PSEN1_NOTCH4","Psen1","Notch4"
"1221","PSPN_GFRA1","Pspn","Gfra1"
"1222","PSPN_GFRA4","Pspn","Gfra4"
"1223","PSPN_RET","Pspn","Ret"
"1224","PTDSS1_JMJD6","Ptdss1","Jmjd6"
"1225","PTDSS1_SCARB1","Ptdss1","Scarb1"
"1226","PTGS2_CAV1","Ptgs2","Cav1"
"1227","PTGS2_PTGDR2","Ptgs2","Ptgdr2"
"1228","PTH2_PTH1R","Pth2","Pth1r"
"1229","PTH2_PTH2R","Pth2","Pth2r"
"1230","PTHLH_PRLHR","Pthlh","Prlhr"
"1231","PTHLH_PTH1R","Pthlh","Pth1r"
"1232","PTHLH_PTH2R","Pthlh","Pth2r"
"1233","PTH_PTH1R","Pth","Pth1r"
"1234","PTH_PTH2R","Pth","Pth2r"
"1235","PTN_ALK","Ptn","Alk"
"1236","PTN_CDH10","Ptn","Cdh10"
"1237","PTN_PLXNB2","Ptn","Plxnb2"
"1238","PTN_PTPRB","Ptn","Ptprb"
"1239","PTN_PTPRS","Ptn","Ptprs"
"1240","PTN_PTPRZ1","Ptn","Ptprz1"
"1241","PTN_SDC1","Ptn","Sdc1"
"1242","PTN_SDC3","Ptn","Sdc3"
"1243","PYY_FAP","Pyy","Fap"
"1244","PYY_NPY1R","Pyy","Npy1r"
"1245","PYY_NPY2R","Pyy","Npy2r"
"1246","PYY_NPY5R","Pyy","Npy5r"
"1247","QRFP_P2RY14","Qrfp","P2ry14"
"1248","QRFP_QRFPR","Qrfp","Qrfpr"
"1249","RARRES2_CCRL2","Rarres2","Ccrl2"
"1250","RARRES2_CMKLR1","Rarres2","Cmklr1"
"1251","RARRES2_GPR1","Rarres2","Gpr1"
"1252","RBP3_NOTCH1","Rbp3","Notch1"
"1253","RBP4_STRA6","Rbp4","Stra6"
"1254","RELN_ITGA3","Reln","Itga3"
"1255","RELN_ITGB1","Reln","Itgb1"
"1256","RELN_LRP8","Reln","Lrp8"
"1257","RELN_VLDLR","Reln","Vldlr"
"1258","REN_ATP6AP2","Ren1","Atp6ap2"
"1259","RGMA_NEO1","Rgma","Neo1"
"1260","RGMB_NEO1","Rgmb","Neo1"
"1261","RIMS1_CACNA1C","Rims1","Cacna1c"
"1262","RIMS2_ABCA1","Rims2","Abca1"
"1263","RLN1_RXFP1","Rln1","Rxfp1"
"1264","RLN1_RXFP2","Rln1","Rxfp2"
"1265","RLN3_RXFP1","Rln3","Rxfp1"
"1266","RLN3_RXFP2","Rln3","Rxfp2"
"1267","RLN3_RXFP3","Rln3","Rxfp3"
"1268","RLN3_RXFP4","Rln3","Rxfp4"
"1269","RPH3A_NRXN1","Rph3a","Nrxn1"
"1270","RPS19_C5AR1","Rps19","C5ar1"
"1271","RSPO1_LGR4","Rspo1","Lgr4"
"1272","RSPO1_LGR5","Rspo1","Lgr5"
"1273","RSPO1_LGR6","Rspo1","Lgr6"
"1274","RSPO1_LRP6","Rspo1","Lrp6"
"1275","RSPO1_ZNRF3","Rspo1","Znrf3"
"1276","RSPO2_LGR4","Rspo2","Lgr4"
"1277","RSPO2_LGR5","Rspo2","Lgr5"
"1278","RSPO2_LGR6","Rspo2","Lgr6"
"1279","RSPO3_FZD8","Rspo3","Fzd8"
"1280","RSPO3_LGR4","Rspo3","Lgr4"
"1281","RSPO3_LGR5","Rspo3","Lgr5"
"1282","RSPO3_LGR6","Rspo3","Lgr6"
"1283","RSPO3_LRP6","Rspo3","Lrp6"
"1284","RSPO3_SDC4","Rspo3","Sdc4"
"1285","RSPO4_LGR4","Rspo4","Lgr4"
"1286","RSPO4_LGR5","Rspo4","Lgr5"
"1287","RSPO4_LGR6","Rspo4","Lgr6"
"1288","RTN4_CNTNAP1","Rtn4","Cntnap1"
"1289","RTN4_LINGO1","Rtn4","Lingo1"
"1290","RTN4_RTN4R","Rtn4","Rtn4r"
"1291","RTN4_TNFRSF19","Rtn4","Tnfrsf19"
"1292","S100A8_TLR4","S100a8","Tlr4"
"1293","S100A9_TLR4","S100a9","Tlr4"
"1294","SCGB1A1_LMBR1L","Scgb1a1","Lmbr1l"
"1295","SCGB1A1_LRP2","Scgb1a1","Lrp2"
"1296","SCGB3A1_MARCO","Scgb3a1","Marco"
"1297","SCGB3A2_MARCO","Scgb3a2","Marco"
"1298","SELPLG_SELE","Selplg","Sele"
"1299","SELPLG_SELL","Selplg","Sell"
"1300","SELPLG_SELP","Selplg","Selp"
"1301","SEMA3A_NRP1","Sema3a","Nrp1"
"1302","SEMA3A_NRP2","Sema3a","Nrp2"
"1303","SEMA3A_PLXNA1","Sema3a","Plxna1"
"1304","SEMA3A_PLXNA2","Sema3a","Plxna2"
"1305","SEMA3A_PLXNA4","Sema3a","Plxna4"
"1306","SEMA3B_NRP1","Sema3b","Nrp1"
"1307","SEMA3B_NRP2","Sema3b","Nrp2"
"1308","SEMA3C_NRP1","Sema3c","Nrp1"
"1309","SEMA3C_NRP2","Sema3c","Nrp2"
"1310","SEMA3C_PLXND1","Sema3c","Plxnd1"
"1311","SEMA3D_NRP1","Sema3d","Nrp1"
"1312","SEMA3E_PLXND1","Sema3e","Plxnd1"
"1313","SEMA3F_NRP1","Sema3f","Nrp1"
"1314","SEMA3F_NRP2","Sema3f","Nrp2"
"1315","SEMA3F_PLXNA3","Sema3f","Plxna3"
"1316","SEMA3G_NRP2","Sema3g","Nrp2"
"1317","SEMA4A_PLXND1","Sema4a","Plxnd1"
"1318","SEMA4B_DCBLD2","Sema4b","Dcbld2"
"1319","SEMA4C_PLXNB2","Sema4c","Plxnb2"
"1320","SEMA4D_CD72","Sema4d","Cd72"
"1321","SEMA4D_ERBB2","Sema4d","Erbb2"
"1322","SEMA4D_MET","Sema4d","Met"
"1323","SEMA4D_PLXNB1","Sema4d","Plxnb1"
"1324","SEMA4D_PLXNB2","Sema4d","Plxnb2"
"1325","SEMA4F_NRP2","Sema4f","Nrp2"
"1326","SEMA4G_PLXNB2","Sema4g","Plxnb2"
"1327","SEMA5A_MET","Sema5a","Met"
"1328","SEMA5A_PLXNB3","Sema5a","Plxnb3"
"1329","SEMA6A_PLXNA2","Sema6a","Plxna2"
"1330","SEMA6A_PLXNA4","Sema6a","Plxna4"
"1331","SEMA6D_KDR","Sema6d","Kdr"
"1332","SEMA6D_PLXNA1","Sema6d","Plxna1"
"1333","SEMA6D_TREM2","Sema6d","Trem2"
"1334","SEMA6D_TYROBP","Sema6d","Tyrobp"
"1335","SEMA7A_ITGA1","Sema7a","Itga1"
"1336","SEMA7A_ITGB1","Sema7a","Itgb1"
"1337","SEMA7A_PLXNC1","Sema7a","Plxnc1"
"1338","SERPINA7_SLC16A2","Serpina7","Slc16a2"
"1339","SERPINC1_LRP1","Serpinc1","Lrp1"
"1340","SERPINC1_SDC2","Serpinc1","Sdc2"
"1341","SERPINE1_LRP1","Serpine1","Lrp1"
"1342","SERPINE1_LRP2","Serpine1","Lrp2"
"1343","SERPINE2_LRP1","Serpine2","Lrp1"
"1344","SERPING1_LRP1","Serping1","Lrp1"
"1345","SERPING1_SELE","Serping1","Sele"
"1346","SERPING1_SELP","Serping1","Selp"
"1347","SFRP1_FZD2","Sfrp1","Fzd2"
"1348","SFRP1_FZD6","Sfrp1","Fzd6"
"1349","SFTPA1_TLR2","Sftpa1","Tlr2"
"1350","SHANK1_ABCA1","Shank1","Abca1"
"1351","SHANK1_SSTR2","Shank1","Sstr2"
"1352","SHBG_CD177","Shbg","Cd177"
"1353","SHBG_CLDN4","Shbg","Cldn4"
"1354","SHBG_SLC37A1","Shbg","Slc37a1"
"1355","SHH_BOC","Shh","Boc"
"1356","SHH_CDON","Shh","Cdon"
"1357","SHH_GPC5","Shh","Gpc5"
"1358","SHH_HHIP","Shh","Hhip"
"1359","SHH_LRP2","Shh","Lrp2"
"1360","SHH_PTCH1","Shh","Ptch1"
"1361","SHH_PTCH2","Shh","Ptch2"
"1362","SHH_SMO","Shh","Smo"
"1363","SLIT1_GPC1","Slit1","Gpc1"
"1364","SLIT1_ROBO1","Slit1","Robo1"
"1365","SLIT1_SDC1","Slit1","Sdc1"
"1366","SLIT2_GPC1","Slit2","Gpc1"
"1367","SLIT2_ROBO1","Slit2","Robo1"
"1368","SLIT2_ROBO2","Slit2","Robo2"
"1369","SLIT2_ROBO4","Slit2","Robo4"
"1370","SLIT2_SDC1","Slit2","Sdc1"
"1371","SLIT3_ROBO2","Slit3","Robo2"
"1372","SORBS1_INSR","Sorbs1","Insr"
"1373","SOST_LRP5","Sost","Lrp5"
"1374","SOST_LRP6","Sost","Lrp6"
"1375","SPINK1_EGFR","Spink1","Egfr"
"1376","SPINK1_NRSN1","Spink1","Nrsn1"
"1377","SPINT1_ST14","Spint1","St14"
"1378","SPP1_CD44","Spp1","Cd44"
"1379","SPP1_ITGA4","Spp1","Itga4"
"1380","SPP1_ITGA5","Spp1","Itga5"
"1381","SPP1_ITGA9","Spp1","Itga9"
"1382","SPP1_ITGAV","Spp1","Itgav"
"1383","SPP1_ITGB1","Spp1","Itgb1"
"1384","SPP1_S1PR1","Spp1","S1pr1"
"1385","SST_SSTR1","Sst","Sstr1"
"1386","SST_SSTR2","Sst","Sstr2"
"1387","SST_SSTR3","Sst","Sstr3"
"1388","SST_SSTR4","Sst","Sstr4"
"1389","SST_SSTR5","Sst","Sstr5"
"1390","SYTL3_NRXN1","Sytl3","Nrxn1"
"1391","TAC1_TACR1","Tac1","Tacr1"
"1392","TAC1_TACR2","Tac1","Tacr2"
"1393","TAC1_TACR3","Tac1","Tacr3"
"1394","TAC3_TACR1","Tac2","Tacr1"
"1395","TAC3_TACR2","Tac2","Tacr2"
"1396","TAC3_TACR3","Tac2","Tacr3"
"1397","TCTN1_TMEM67","Tctn1","Tmem67"
"1398","TDGF1_ACVR1B","Tdgf1","Acvr1b"
"1399","TDGF1_ACVR1C","Tdgf1","Acvr1c"
"1400","TDGF1_ACVR2A","Tdgf1","Acvr2a"
"1401","TFPI_LRP1","Tfpi","Lrp1"
"1402","TFPI_VLDLR","Tfpi","Vldlr"
"1403","TF_TFR2","Trf","Tfr2"
"1404","TF_TFRC","Trf","Tfrc"
"1405","TGFA_EGFR","Tgfa","Egfr"
"1406","TGFA_ERBB2","Tgfa","Erbb2"
"1407","TGFA_ERBB4","Tgfa","Erbb4"
"1408","TGFB1_ACVRL1","Tgfb1","Acvrl1"
"1409","TGFB1_ENG","Tgfb1","Eng"
"1410","TGFB1_ITGAV","Tgfb1","Itgav"
"1411","TGFB1_ITGB6","Tgfb1","Itgb6"
"1412","TGFB1_ITGB8","Tgfb1","Itgb8"
"1413","TGFB1_SDC2","Tgfb1","Sdc2"
"1414","TGFB1_TGFBR1","Tgfb1","Tgfbr1"
"1415","TGFB1_TGFBR2","Tgfb1","Tgfbr2"
"1416","TGFB1_TGFBR3","Tgfb1","Tgfbr3"
"1417","TGFB2_ENG","Tgfb2","Eng"
"1418","TGFB2_TGFBR1","Tgfb2","Tgfbr1"
"1419","TGFB2_TGFBR2","Tgfb2","Tgfbr2"
"1420","TGFB2_TGFBR3","Tgfb2","Tgfbr3"
"1421","TGFB3_ACVRL1","Tgfb3","Acvrl1"
"1422","TGFB3_ENG","Tgfb3","Eng"
"1423","TGFB3_TGFBR1","Tgfb3","Tgfbr1"
"1424","TGFB3_TGFBR2","Tgfb3","Tgfbr2"
"1425","TGFB3_TGFBR3","Tgfb3","Tgfbr3"
"1426","TGM2_ITGB1","Tgm2","Itgb1"
"1427","TGM2_ITGB3","Tgm2","Itgb3"
"1428","TGM2_SDC4","Tgm2","Sdc4"
"1429","TG_ASGR1","Tg","Asgr1"
"1430","TG_LRP2","Tg","Lrp2"
"1431","THBS1_CD36","Thbs1","Cd36"
"1432","THBS1_CD47","Thbs1","Cd47"
"1433","THBS1_ITGA2B","Thbs1","Itga2b"
"1434","THBS1_ITGA3","Thbs1","Itga3"
"1435","THBS1_ITGA4","Thbs1","Itga4"
"1436","THBS1_ITGA6","Thbs1","Itga6"
"1437","THBS1_ITGB1","Thbs1","Itgb1"
"1438","THBS1_ITGB3","Thbs1","Itgb3"
"1439","THBS1_LRP1","Thbs1","Lrp1"
"1440","THBS1_LRP5","Thbs1","Lrp5"
"1441","THBS1_SDC1","Thbs1","Sdc1"
"1442","THBS1_TNFRSF11B","Thbs1","Tnfrsf11b"
"1443","THBS2_CD47","Thbs2","Cd47"
"1444","THBS2_ITGA4","Thbs2","Itga4"
"1445","THBS2_ITGA6","Thbs2","Itga6"
"1446","THBS2_ITGB1","Thbs2","Itgb1"
"1447","THBS2_NOTCH3","Thbs2","Notch3"
"1448","THPO_MPL","Thpo","Mpl"
"1449","TIMP1_CD63","Timp1","Cd63"
"1450","TIMP2_ITGA3","Timp2","Itga3"
"1451","TIMP2_ITGB1","Timp2","Itgb1"
"1452","TIMP3_AGTR2","Timp3","Agtr2"
"1453","TIMP3_KDR","Timp3","Kdr"
"1454","TNC_CNTN1","Tnc","Cntn1"
"1455","TNC_EGFR","Tnc","Egfr"
"1456","TNC_ITGA5","Tnc","Itga5"
"1457","TNC_ITGA7","Tnc","Itga7"
"1458","TNC_ITGB1","Tnc","Itgb1"
"1459","TNC_PTPRB","Tnc","Ptprb"
"1460","TNFSF10_TNFRSF10A","Tnfsf10","Tnfrsf10b"
"1461","TNFSF10_TNFRSF11B","Tnfsf10","Tnfrsf11b"
"1462","TNFSF11_TNFRSF11A","Tnfsf11","Tnfrsf11a"
"1463","TNFSF11_TNFRSF11B","Tnfsf11","Tnfrsf11b"
"1464","TNFSF12_TNFRSF12A","Tnfsf12","Tnfrsf12a"
"1465","TNFSF12_TNFRSF25","Tnfsf12","Tnfrsf25"
"1466","TNFSF13B_TNFRSF13B","Tnfsf13b","Tnfrsf13b"
"1467","TNFSF13B_TNFRSF13C","Tnfsf13b","Tnfrsf13c"
"1468","TNFSF13B_TNFRSF17","Tnfsf13b","Tnfrsf17"
"1469","TNFSF13_FAS","Tnfsf13","Fas"
"1470","TNFSF13_SDC2","Tnfsf13","Sdc2"
"1471","TNFSF13_TNFRSF11B","Tnfsf13","Tnfrsf11b"
"1472","TNFSF13_TNFRSF13B","Tnfsf13","Tnfrsf13b"
"1473","TNFSF13_TNFRSF14","Tnfsf13","Tnfrsf14"
"1474","TNFSF13_TNFRSF17","Tnfsf13","Tnfrsf17"
"1475","TNFSF13_TNFRSF1A","Tnfsf13","Tnfrsf1a"
"1476","TNFSF14_LTBR","Tnfsf14","Ltbr"
"1477","TNFSF14_TNFRSF14","Tnfsf14","Tnfrsf14"
"1478","TNFSF15_TNFRSF25","Tnfsf15","Tnfrsf25"
"1479","TNFSF18_TNFRSF18","Tnfsf18","Tnfrsf18"
"1480","TNFSF4_TNFRSF4","Tnfsf4","Tnfrsf4"
"1481","TNFSF4_TRAF2","Tnfsf4","Traf2"
"1482","TNFSF8_TNFRSF8","Tnfsf8","Tnfrsf8"
"1483","TNF_TNFRSF1A","Tnf","Tnfrsf1a"
"1484","TNF_TNFRSF1B","Tnf","Tnfrsf1b"
"1485","TNF_TNFRSF21","Tnf","Tnfrsf21"
"1486","TNF_TRAF2","Tnf","Traf2"
"1487","TRH_TRHR","Trh","Trhr"
"1488","TSHB_TSHR","Tshb","Tshr"
"1489","TSLP_IL7R","Tslp","Il7r"
"1490","UCN2_CRHR1","Ucn2","Crhr1"
"1491","UCN2_CRHR2","Ucn2","Crhr2"
"1492","UCN2_IL10RB","Ucn2","Il10rb"
"1493","UCN3_CRHR1","Ucn3","Crhr1"
"1494","UCN3_CRHR2","Ucn3","Crhr2"
"1495","UCN3_IL10RB","Ucn3","Il10rb"
"1496","UCN_CRHR1","Ucn","Crhr1"
"1497","UCN_CRHR2","Ucn","Crhr2"
"1498","UTS2B_UTS2R","Uts2b","Uts2r"
"1499","UTS2_UTS2R","Uts2","Uts2r"
"1500","VASP_CXCR2","Vasp","Cxcr2"
"1501","VCAM1_ITGA4","Vcam1","Itga4"
"1502","VCAM1_ITGAD","Vcam1","Itgad"
"1503","VCAM1_ITGB1","Vcam1","Itgb1"
"1504","VCAM1_ITGB2","Vcam1","Itgb2"
"1505","VCAM1_ITGB7","Vcam1","Itgb7"
"1506","VCAN_CD44","Vcan","Cd44"
"1507","VCAN_EGFR","Vcan","Egfr"
"1508","VCAN_ITGA4","Vcan","Itga4"
"1509","VCAN_ITGB1","Vcan","Itgb1"
"1510","VCAN_SELP","Vcan","Selp"
"1511","VCAN_TLR2","Vcan","Tlr2"
"1512","VEGFA_EPHB2","Vegfa","Ephb2"
"1513","VEGFA_FLT1","Vegfa","Flt1"
"1514","VEGFA_GPC1","Vegfa","Gpc1"
"1515","VEGFA_KDR","Vegfa","Kdr"
"1516","VEGFA_NRP1","Vegfa","Nrp1"
"1517","VEGFA_NRP2","Vegfa","Nrp2"
"1518","VEGFB_FLT1","Vegfb","Flt1"
"1519","VEGFB_NRP1","Vegfb","Nrp1"
"1520","VEGFC_FLT4","Vegfc","Flt4"
"1521","VEGFC_KDR","Vegfc","Kdr"
"1522","VEGFC_NRP2","Vegfc","Nrp2"
"1523","VEGFC_VIPR2","Vegfc","Vipr2"
"1524","VIM_CD44","Vim","Cd44"
"1525","VIP_ADCYAP1R1","Vip","Adcyap1r1"
"1526","VIP_SCTR","Vip","Sctr"
"1527","VIP_VIPR1","Vip","Vipr1"
"1528","VIP_VIPR2","Vip","Vipr2"
"1529","VTN_ITGA5","Vtn","Itga5"
"1530","VTN_ITGA8","Vtn","Itga8"
"1531","VTN_ITGAV","Vtn","Itgav"
"1532","VTN_ITGB3","Vtn","Itgb3"
"1533","VTN_ITGB6","Vtn","Itgb6"
"1534","VTN_ITGB8","Vtn","Itgb8"
"1535","VTN_PLAUR","Vtn","Plaur"
"1536","VTN_TNFRSF11B","Vtn","Tnfrsf11b"
"1537","VWF_GP1BA","Vwf","Gp1ba"
"1538","VWF_ITGA2B","Vwf","Itga2b"
"1539","VWF_TNFRSF11B","Vwf","Tnfrsf11b"
"1540","WNT11_FZD7","Wnt11","Fzd7"
"1541","WNT1_FZD3","Wnt1","Fzd3"
"1542","WNT1_FZD8","Wnt1","Fzd8"
"1543","WNT1_FZD9","Wnt1","Fzd9"
"1544","WNT1_LRP5","Wnt1","Lrp5"
"1545","WNT1_LRP6","Wnt1","Lrp6"
"1546","WNT1_RYK","Wnt1","Ryk"
"1547","WNT2_FZD1","Wnt2","Fzd1"
"1548","WNT2_FZD5","Wnt2","Fzd5"
"1549","WNT2_FZD7","Wnt2","Fzd7"
"1550","WNT2_FZD8","Wnt2","Fzd8"
"1551","WNT2_FZD9","Wnt2","Fzd9"
"1552","WNT3A_APCDD1","Wnt3a","Apcdd1"
"1553","WNT3A_FZD1","Wnt3a","Fzd1"
"1554","WNT3A_FZD2","Wnt3a","Fzd2"
"1555","WNT3A_FZD5","Wnt3a","Fzd5"
"1556","WNT3A_FZD6","Wnt3a","Fzd6"
"1557","WNT3A_FZD7","Wnt3a","Fzd7"
"1558","WNT3A_FZD8","Wnt3a","Fzd8"
"1559","WNT3A_LRP1","Wnt3a","Lrp1"
"1560","WNT3A_LRP6","Wnt3a","Lrp6"
"1561","WNT3A_RYK","Wnt3a","Ryk"
"1562","WNT3_FZD1","Wnt3","Fzd1"
"1563","WNT3_FZD7","Wnt3","Fzd7"
"1564","WNT3_FZD8","Wnt3","Fzd8"
"1565","WNT3_LRP6","Wnt3","Lrp6"
"1566","WNT3_RYK","Wnt3","Ryk"
"1567","WNT4_FZD2","Wnt4","Fzd2"
"1568","WNT4_FZD6","Wnt4","Fzd6"
"1569","WNT5A_FZD1","Wnt5a","Fzd1"
"1570","WNT5A_FZD2","Wnt5a","Fzd2"
"1571","WNT5A_FZD4","Wnt5a","Fzd4"
"1572","WNT5A_FZD5","Wnt5a","Fzd5"
"1573","WNT5A_FZD6","Wnt5a","Fzd6"
"1574","WNT5A_FZD7","Wnt5a","Fzd7"
"1575","WNT5A_FZD8","Wnt5a","Fzd8"
"1576","WNT5A_LRP5","Wnt5a","Lrp5"
"1577","WNT5A_MCAM","Wnt5a","Mcam"
"1578","WNT5A_ROR1","Wnt5a","Ror1"
"1579","WNT5A_ROR2","Wnt5a","Ror2"
"1580","WNT5A_RYK","Wnt5a","Ryk"
"1581","WNT7A_FZD10","Wnt7a","Fzd10"
"1582","WNT7A_FZD5","Wnt7a","Fzd5"
"1583","WNT7A_FZD9","Wnt7a","Fzd9"
"1584","WNT7B_FZD1","Wnt7b","Fzd1"
"1585","WNT7B_FZD10","Wnt7b","Fzd10"
"1586","WNT7B_LRP5","Wnt7b","Lrp5"
"1587","XCL1_XCR1","Xcl1","Xcr1"
"1588","YARS_CXCR1","Yars","Cxcr1"
"1589","ZP3_MERTK","Zp3","Mertk"
"1590","CD28_CD80","Cd28","Cd80"
"1591","CTLA4_CD80","Ctla4","Cd80"
"1592","CD274_CD80","Cd274","Cd80"
"1593","CD28_CD86","Cd28","Cd86"
"1594","CTLA4_CD86","Ctla4","Cd86"
"1595","PDCD1LG2_PDCD1","Pdcd1lg2","Pdcd1"
"1596","CD274_PDCD1","Cd274","Pdcd1"
"1597","ICOS_ICOSLG","Icos","Icosl"
"1598","Thbd_Hspa1b","Thbd","Hspa1b"
"1599","Thbd_Gpr15","Thbd","Gpr15"
"1600","Thbd_F2","Thbd","F2"
"1601","Thbd_Proc","Thbd","Proc"
"1602","Spock2_Spock3","Spock2","Spock3"
"1603","Vwa1_Hspg2","Vwa1","Hspg2"
"1604","Vwa1_Col6a3","Vwa1","Col6a3"
"1605","Vwa1_Matn3","Vwa1","Matn3"
"1606","Vwa1_App","Vwa1","App"
"1607","Vwa1_Rcn1","Vwa1","Rcn1"
"1608","Vwa1_Pdia6","Vwa1","Pdia6"
"1609","Vwa1_Aplp2","Vwa1","Aplp2"
"1610","Vwa1_Sparcl1","Vwa1","Sparcl1"
"1611","Prom1_Hdac6","Prom1","Hdac6"
"1612","Prom1_Ctnnb1","Prom1","Ctnnb1"
"1613","Prom1_Cdhr1","Prom1","Cdhr1"
"1614","Prom1_Actb","Prom1","Actb"
"1615","Prom1_Nedd4","Prom1","Nedd4"
"1616","Prom1_Tsg101","Prom1","Tsg101"
"1617","Glul_Crbn","Glul","Crbn"
"1618","Glul_Cps1","Glul","Cps1"
"1619","Fam63a_Ubc","Fam63a","Ubc"
"1620","Fam63a_Uba52","Fam63a","Uba52"
"1621","Fam63a_Ubb","Fam63a","Ubb"
"1622","Sparcl1_Mmp3","Sparcl1","Mmp3"
"1623","Sparcl1_Adamts4","Sparcl1","Adamts4"
"1624","Sparcl1_Fam20c","Sparcl1","Fam20c"
"1625","Ltbp4_Tgfb1","Ltbp4","Tgfb1"
"1626","Ltbp4_Mstn","Ltbp4","Mstn"
"1627","Ltbp4_Tgfbr2","Ltbp4","Tgfbr2"
"1628","Ltpb4_Loxl1","Ltpb4","Loxl1"
"1629","Ltbp4_Znf574","Ltbp4","Znf574"
"1630","Ltbp4_Gdf11","Ltbp4","Gdf11"
"1631","Bsg_Slc16a7","Bsg","Slc16a7"
"1632","Bsg_Slc16a8","Bsg","Slc16a8"
"1633","Bsg_Nxnl1","Bsg","Nxnl1"
"1634","Bsg_Slc2a1","Bsg","Slc2a1"
"1635","Bsg_Cd44","Bsg","Cd44"
"1636","Bsg_Itga3","Bsg","Itga3"
"1637","Bsg_Itgb1","Bsg","Itgb1"
"1638","Bsg_Itga6","Bsg","Itga6"
"1639","Bsg_Slc16a1","Bsg","Slc16a1"
"1640","Bsg_Slc16a3","Bsg","Slc16a3"
"1641","Bsg_Mmp13","Bsg","Mmp13"
"1642","Bsg_Ppia","Bsg","Ppia"
"1643","Bsg_Ppil2","Bsg","Ppil2"
"1644","Bsg_Slc3a2","Bsg","Slc3a2"
"1645","Bsg_Cav1","Bsg","Cav1"
"1646","Bsg_Itgb1","Bsg","Itgb1"
"1647","Abhd2_Abhd8","Abhd2","Abhd8"
"1648","Abhd2_Acsl5","Abhd2","Acsl5"
"1649","Abhd2_Acsl1","Abhd2","Acsl1"
"1650","Abhd2_Abhd4","Abhd2","Abhd4"
"1651","Car4_Slc4a1","Car4","Slc4a1"
"1652","Car4_Slc4a4","Car4","Slc4a4"
"1653","Car4_Wtap","Car4","Wtap"
"1654","Car4_Slc9a3","Car4","Slc9a3"
"1655","Esyt2_Arl6ip5","Esyt2","Arl6ip5"
"1656","Esyt2_Faf2","Esyt2","Faf2"
"1657","Esyt2_Derl1","Esyt2","Derl1"
"1658","Esyt2_Yif1b","Esyt2","Yif1b"
"1659","Esyt2_Derl2","Esyt2","Derl2"
"1660","Esyt2_Esyt2","Esyt2","Esyt2"
"1661","Esyt2_Esyt3","Esyt2","Esyt3"
"1662","Tfrc_Hfe","Tfrc","Hfe"
"1663","Tfrc_Trf","Tfrc","Trf"
"1664","Tfrc_Tgoln1","Tfrc","Tgoln1"
"1665","Tfrc_B2m","Tfrc","B2m"
"1666","Tfrc_Eps15","Tfrc","Eps15"
"1667","Tfrc_Rab5a","Tfrc","Rab5a"
"1668","Tfrc_Egfr","Tfrc","Egfr"
"1669","Tspan13_Ankmy2","Tspan13","Ankmy2"
"1670","Tspan13_Snx13","Tspan13","Snx13"
"1671","Fcgrt_B2m","Fcgrt","B2m"
"1672","Fcgrt_Alb","Fcgrt","Alb"
"1673","Fcgrt_Afp","Fcgrt","Afp"
"1674","Fcgrt_Prtg","Fcgrt","Prtg"
"1675","Tmem123_Bag2","Tmem123","Bag2"
"1676","Tmem123_Dnajc6","Tmem123","Dnajc6"
"1677","Tmem123_Gak","Tmem123","Gak"
"1678","Tmem123_Ppih","Tmem123","Ppih"
"1679","Tmem123_Ccar2","Tmem123","Ccar2"
"1680","Tmem123_Hspa8","Tmem123","Hspa8"
"1681","Adgrf5_Gfp123","Adgrf5","Gfp123"
"1682","Pdgfb_Pdgfrb","Pdgfb","Pdgfrb"
"1683","Pdgfb_Pdgfra","Pdgfb","Pdgfra"
"1684","Pdgfb_Kdr","Pdgfb","Kdr"
"1685","Pdgfb_Flt1","Pdgfb","Flt1"
"1686","Pdgfb_Flt4","Pdgfb","Flt4"
"1687","Pdgfb_Egfr","Pdgfb","Egfr"
"1688","Pdgfb_Tek","Pdgfb","Tek"
"1689","Ptprb_Cdh5","Ptprb","Cdh5"
"1690","Ptprb_Cd53","Ptprb","Cd53"
"1691","Ptprb_Itgb2","Ptprb","Itgb2"
"1692","Ptprb_Nras","Ptprb","Nras"
"1693","Ptprb_Rap1a","Ptprb","Rap1a"
"1694","Thbd_F2","Thbd","F2"
"1695","Thbd_Proc","Thbd","Proc"
"1696","Thbd_F10","Thbd","F10"
"1697","Thbd_Serpinc1","Thbd","Serpinc1"
"1698","Igfbp3_Igf1","Igfbp3","Igf1"
"1699","Igfbp3_Igf2","Igfbp3","Igf2"
"1700","Igfbp3_Fn1","Igfbp3","Fn1"
"1701","Igfbp3_Tmem219","Igfbp3","Tmem219"
"1702","Igfbp3_Plg","Igfbp3","Plg"
"1703","Igfbp3_Mmp2","Igfbp3","Mmp2"
"1704","Igfbp5_Igf1","Igfbp5","Igf1"
"1705","Igfbp5_Igf2","Igfbp5","Igf2"
"1706","Igfbp5_Fn1","Igfbp5","Fn1"
"1707","Igfbp5_Pappa","Igfbp5","Pappa"
"1708","Igfbp5_Pappa2","Igfbp5","Pappa2"
"1709","Igfbp5_Spp1","Igfbp5","Spp1"
"1710","Igfbp5_Ltbp1","Igfbp5","Ltbp1"
"1711","Timp3_Adam17","Timp3","Adam17"
"1712","Timp3_Mmp2","Timp3","Mmp2"
"1713","Timp3_Mmp9","Timp3","Mmp9"
"1714","Ltbp1_Fn1","Ltbp1","Fn1"
"1715","Ltbp1_Tgfb1","Ltbp1","Tgfb1"
"1716","Ltbp1_Tgfb2","Ltbp1","Tgfb2"
"1717","Ltbp1_Fbn1","Ltbp1","Fbn1"
"1718","Ltbp1_Tgfb3","Ltbp1","Tgfb3"
"1719","Ltbp1_Igfbp3","Ltbp1","Igfbp3"
"1720","Ltbp1_Thbs1","Ltbp1","Thbs1"
"1721","Ltbp1_Vcan","Ltbp1","Vcan"
"1722","Ltbp1_Igfbp5","Ltbp1","Igfbp5"
"1723","Ltbp1_Timp1","Ltbp1","Timp1"
"1724","Mmrn2_Clec14a","Mmrn2","Clec14a"
"1725","Crim1_Bmp4","Crim1","Bmp4"
"1726","Crim1_Arhgap12","Crim1","Arhgap12"
"1727","Hspg2_Dag1","Hspg2","Dag1"
"1728","Hspg2_Fgf2","Hspg2","Fgf2"
"1729","Hspg2_Bgn","Hspg2","Bgn"
"1730","Hspg2_Dcn","Hspg2","Dcn"
"1731","Hspg2_Itgb1","Hspg2","Itgb1"
"1732","Serpinh1_Crtap","Serpinh1","Crtap"
"1733","Serpinh1_Lepre1","Serpinh1","Lepre1"
"1734","Serpinh1_Col26a1","Serpinh1","Col26a1"
"1735","Adamts1_Thbs2","Adamts1","Thbs2"
"1736","Adamts1_Thbs1","Adamts1","Thbs1"
"1737","Adamts1_B3glct","Adamts1","B3glct"
"1738","Ctsd_Ctsh","Ctsd","Ctsh"
"1739","Ctsd_Ctsz","Ctsd","Ctsz"
"1740","Ctsd_Ctss","Ctsd","Ctss"
"1741","Ctsd_Cst3","Ctsd","Cst3"
"1742","Ctsd_Ctsb","Ctsd","Ctsb"
"1743","Ctsd_Cstb","Ctsd","Cstb"
"1744","Ctsd_Mmp9","Ctsd","Mmp9"
"1745","Ctsd_Agt","Ctsd","Agt"
"1746","Psme1_Psme2","Psme1","Psme2"
"1747","Psme1_Psmb10","Psme1","Psmb10"
"1748","Psme1_Psmb8","Psme1","Psmb8"
"1749","Psme1_Psmb9","Psme1","Psmb9"
"1750","Psme1_Psma4","Psme1","Psma4"
"1751","Psme1_Psmb5","Psme1","Psmb5"
"1752","Psme1_Psmb7","Psme1","Psmb7"
"1753","Psme1_Psma3","Psme1","Psma3"
"1754","Psme1_Psmd7","Psme1","Psmd7"
"1755","Psme1_Psmb4","Psme1","Psmb4"
"1756","Grn_Elane","Grn","Elane"
"1757","Grn_Ctsc","Grn","Ctsc"
"1758","Grn_Serpinb3c","Grn","Serpinb3c"
"1759","Fth1_Ftl1","Fth1","Ftl1"
"1760","Fth1_Ltf","Fth1","Ltf"
"1761","Fth1_Hp","Fth1","Hp"
"1762","Fth1_Ncoa4","Fth1","Ncoa4"
"1763","Fth1_Aldoa","Fth1","Aldoa"
"1764","Fth1_Aldoc","Fth1","Aldoc"
"1765","Fth1_Ctss","Fth1","Ctss"
"1766","Ctsl_Cd74","Ctsl","Cd74"
"1767","Ctsl_Col18a1","Ctsl","Col18a1"
"1768","Ctsl_Serpinb13","Ctsl","Serpinb13"
"1769","Ctsl_Tlr9","Ctsl","Tlr9"
"1770","Ctsl_Col15a1","Ctsl","Col15a1"
"1771","Ctsl_H2.Eb1","Ctsl","H2.Eb1"
"1772","Ctsl_H2.Ab1","Ctsl","H2.Ab1"
"1773","Anxa2_S100a10","Anxa2","S100a10"
"1774","Anxa2_Plg","Anxa2","Plg"
"1775","Anxa2_Dysf","Anxa2","Dysf"
"1776","Anxa2_Plat","Anxa2","Plat"
"1777","Anxa2_S100a4","Anxa2","S100a4"
"1778","Anxa2_Anxa6","Anxa2","Anxa6"
"1779","Anxa2_Trim72","Anxa2","Trim72"
"1780","Anxa2_Prdx6","Anxa2","Prdx6"
"1781","Marcks_Prkca","Marcks","Prkca"
"1782","Marcks_Prkce","Marcks","Prkce"
"1783","Marcks_Prkcd","Marcks","Prkcd"
"1784","Marcks_Calm1","Marcks","Calm1"
"1785","Marcks_Calm3","Marcks","Calm3"
"1786","Marcks_Calm2","Marcks","Calm2"
"1787","Clec14a_Mmrn2","Clec14a","Mmrn2"
"1788","Sgk1_Nedd4l","Sgk1","Nedd4l"
"1789","Sgk1_Rictor","Sgk1","Rictor"
"1790","Sgk1_Mtor","Sgk1","Mtor"
"1791","Sgk1_Scnn1a","Sgk1","Scnn1a"
"1792","Sgk1_Tsc22d3","Sgk1","Tsc22d3"
"1793","Sgk1_Mlst8","Sgk1","Mlst8"
"1794","Sgk1_Mapkap1","Sgk1","Mapkap1"
"1795","Sgk1_Pdpk1","Sgk1","Pdpk1"
"1796","Sgk1_Scnn1g","Sgk1","Scnn1g"
"1797","Tmem176b_Tmem176a","Tmem176b","Tmem176a"
"1798","Kdr_Vegfa","Kdr","Vegfa"
"1799","Kdr_Nrp1","Kdr","Nrp1"
"1800","Kdr_Vegfc","Kdr","Vegfc"
"1801","Kdr_Figf","Kdr","Figf"
"1802","Kdr_Cdh5","Kdr","Cdh5"
"1803","Kdr_Nck2","Kdr","Nck2"
"1804","Kdr_Plcg1","Kdr","Plcg1"
"1805","Kdr_Nck1","Kdr","Nck1"
"1806","Kdr_Sh2d2a","Kdr","Sh2d2a"
"1807","Plscr2_Bace1","Plscr2","Bace1"
"1808","H2.Q4_B2m","H2.Q4","B2m"
"1809","H2.Q4_Cd8a","H2.Q4","Cd8a"
"1810","H2.Q4_Tap2","H2.Q4","Tap2"
"1811","H2.Q4_Tap1","H2.Q4","Tap1"
"1812","H2.Q4_Tapbp","H2.Q4","Tapbp"
"1813","H2.Q4_Pdia3","H2.Q4","Pdia3"
"1814","H2.Q4_Calr","H2.Q4","Calr"
"1815","H2.Q4_Kir3dl2","H2.Q4","Kir3dl2"
"1816","H2.Q4_Kir3dl1","H2.Q4","Kir3dl1"
"1817","Emcn_Osgep","Emcn","Osgep"
"1818","Itm2b_App","Itm2b","App"
"1819","Cd47_Sirpa","Cd47","Sirpa"
"1820","Cd47_Thbs1","Cd47","Thbs1"
"1821","Cd47_Sirpb1a","Cd47","Sirpb1a"
"1822","Cd47_Sirpb1b","Cd47","Sirpb1b"
"1823","Cd47_Sirpb1c","Cd47","Sirpb1c"
"1824","Cd47_Itgam","Cd47","Itgam"
"1825","Cd47_Thbs2","Cd47","Thbs2"
"1826","Cd47_Itgax","Cd47","Itgax"
"1827","Cd47_Comp","Cd47","Comp"
"1828","Jak1_Stat5a","Jak1","Stat5a"
"1829","Jak1_Stat1","Jak1","Stat1"
"1830","Jak1_Stat3","Jak1","Stat3"
"1831","Jak1_Il10ra","Jak1","Il10ra"
"1832","Jak1_Stat2","Jak1","Stat2"
"1833","Jak1_Stat6","Jak1","Stat6"
"1834","Jak1_Socs3","Jak1","Socs3"
"1835","Jak1_Socs1","Jak1","Socs1"
"1836","Jak1_Ifnlr1","Jak1","Ifnlr1"
"1837","Jak1_Stat5b","Jak1","Stat5b"
"1838","Tnfsf10_Tnfrsf10b","Tnfsf10","Tnfrsf10b"
"1839","Tnfsf10_Casp8","Tnfsf10","Casp8"
"1840","Tnfsf10_Fadd","Tnfsf10","Fadd"
"1841","Tnfsf10_Fas","Tnfsf10","Fas"
"1842","Tnfsf10_Cflar","Tnfsf10","Cflar"
"1843","Tnfsf10_Ripk1","Tnfsf10","Ripk1"
"1844","Tnfsf10_Traf2","Tnfsf10","Traf2"
"1845","Tnfsf10_Ripk3","Tnfsf10","Ripk3"
"1846","Tnfsf10_Tnfrsf11b","Tnfsf10","Tnfrsf11b"
"1847","H2.K1_B2m","H2.K1","B2m"
"1848","H2.K1_H2.D1","H2.K1","H2.D1"
"1849","H2.K1_Klra3","H2.K1","Klra3"
"1850","H2.K1_Tapbp","H2.K1","Tapbp"
"1851","H2.K1_Klra1","H2.K1","Klra1"
"1852","H2.K1_Cd8b1","H2.K1","Cd8b1"
"1853","H2.K1_Pirb","H2.K1","Pirb"
"1854","H2.K1_Tap1","H2.K1","Tap1"
"1855","H2.K1_Itgax","H2.K1","Itgax"
"1856","Cd200_Cd200r1","Cd200","Cd200r1"
"1857","Cd200_Cd200r4","Cd200","Cd200r4"
"1858","Cd200_Cd200r2","Cd200","Cd200r2"
"1859","Cd200_Cd200r3","Cd200","Cd200r3"
"1860","Cd200_Cd47","Cd200","Cd47"
"1861","H2.D1_B2m","H2.D1","B2m"
"1862","H2.D1_Tapbp","H2.D1","Tapbp"
"1863","H2.D1_Cd8a","H2.D1","Cd8a"
"1864","H2.D1_Klra1","H2.D1","Klra1"
"1865","H2.D1_Itgax","H2.D1","Itgax"
"1866","H2.D1_Tap1","H2.D1","Tap1"
"1867","Mme_Agt","Mme","Agt"
"1868","Tm4sf1_Ddr1","Tm4sf1","Ddr1"
"1869","Tnfrsf1a_Tnf","Tnfrsf1a","Tnf"
"1870","Tnfrsf1a_Tradd","Tnfrsf1a","Tradd"
"1871","Tnfrsf1a_Traf2","Tnfrsf1a","Traf2"
"1872","Tnfrsf1a_Fadd","Tnfrsf1a","Fadd"
"1873","Tnfrsf1a_Ripk1","Tnfrsf1a","Ripk1"
"1874","Tnfrsf1a_Birc2","Tnfrsf1a","Birc2"
"1875","Tnfrsf1a_Traf1","Tnfrsf1a","Traf1"
"1876","Tnfrsf1a_Ikbkg","Tnfrsf1a","Ikbkg"
"1877","Tnfrsf1a_Ikbkb","Tnfrsf1a","Ikbkb"
"1878","Tnfrsf1a_Chuk","Tnfrsf1a","Chuk"
"1879","Lifr_Lif","Lifr","Lif"
"1880","Lifr_Cntf","Lifr","Cntf"
"1881","Lifr_Ctf1","Lifr","Ctf1"
"1882","Lifr_Cntfr","Lifr","Cntfr"
"1883","Lifr_Osm","Lifr","Osm"
"1884","Lifr_Il6st","Lifr","Il6st"
"1885","Lifr_Jak1","Lifr","Jak1"
"1886","Lifr_Jak2","Lifr","Jak2"
"1887","Lifr_Tyk2","Lifr","Tyk2"
"1888","Flt4_Vegfc","Flt4","Vegfc"
"1889","Flt4_Figf","Flt4","Figf"
"1890","Flt4_Vegfb","Flt4","Vegfb"
"1891","Flt4_Vegfa","Flt4","Vegfa"
"1892","Flt4_Pgf","Flt4","Pgf"
"1893","Flt4_Lyve1","Flt4","Lyve1"
"1894","Flt4_Pdgfb","Flt4","Pdgfb"
"1895","Flt4_Nrp1","Flt4","Nrp1"
"1896","Flt4_Fgf2","Flt4","Fgf2"
"1897","Flt4_Pdgfc","Flt4","Pdgfc"
"1898","Rdx_Slc9a3r1","Rdx","Slc9a3r1"
"1899","Rdx_L1cam","Rdx","L1cam"
"1900","Rdx_Ezr","Rdx","Ezr"
"1901","Rdx_Slc9a3r2","Rdx","Slc9a3r2"
"1902","Rdx_Actb","Rdx","Actb"
"1903","Rdx_Actg1","Rdx","Actg1"
"1904","Rdx_Rock2","Rdx","Rock2"
"1905","Rdx_Sdc2","Rdx","Sdc2"
"1906","Unc13d_Rab27a","Unc13d","Rab27a"
"1907","Unc13d_Anxa2","Unc13d","Anxa2"
"1908","Rhoj_Itsn1","Rhoj","Itsn1"
"1909","Rhoj_Tiam2","Rhoj","Tiam2"
"1910","Rhoj_Arhgdia","Rhoj","Arhgdia"
"1911","Rhoj_Arhgap33","Rhoj","Arhgap33"
"1912","Rhoj_Arhgef15","Rhoj","Arhgef15"
"1913","Rhoj_Trio","Rhoj","Trio"
"1914","Rhoj_Arhgap35","Rhoj","Arhgap35"
"1915","Rhoj_Tiam1","Rhoj","Tiam1"
"1916","Rhoj_Arhgdib","Rhoj","Arhgdib"
"1917","Rhoj_Arhgef7","Rhoj","Arhgef7"
"1918","Cald1_Mylk","Cald1","Mylk"
"1919","Cald1_Myh11","Cald1","Myh11"
"1920","Cald1_Myl6","Cald1","Myl6"
"1921","Cald1_Myl12b","Cald1","Myl12b"
"1922","Gnao1_Cxcr5","Gnao1","Cxcr5"
"1923","Ocrl_Gnao1","Ocrl","Gnao1"
"1924","Fbp1_St6galnac5","Fbp1","St6galnac5"
"1925","Fbxo2_St6galnac5","Fbxo2","St6galnac5"
"1926","Cacna1b_St6galnac5","Cacna1b","St6galnac5"
"1927","Cmas_St6galnac5","Cmas","St6galnac5"
"1928","Lmo1_Lhx2","Lmo1","Lhx2"
"1929","Ldb1_Lhx2","Ldb1","Lhx2"
"1930","Plod2_Lhx2","Plod2","Lhx2"
"1931","Msx1_Lhx2","Msx1","Lhx2"
"1932","Pax6_Lhx2","Pax6","Lhx2"
"1933","Psmd3_Dclk1","Psmd3","Dclk1"
"1934","Slc4a1ap_Dclk1","Slc4a1ap","Dclk1"
"1935","Dcx_Dclk1","Dcx","Dclk1"
"1936","Tuba1a_Dclk1","Tuba1a","Dclk1"
"1937","Tuba4a_Dclk1","Tuba4a","Dclk1"
"1938","Egfr_Igfbp2","Egfr","Igfbp2"
"1939","Igf1_Igfbp2","Igf1","Igfbp2"
"1940","Igf2_Igfbp2","Igf2","Igfbp2"
"1941","Klk2_Igfbp2","Klk2","Igfbp2"
"1942","Ilvbl_Atp1b1","Ilvbl","Atp1b1"
"1943","Fxyd2_Atp1b1","Fxyd2","Atp1b1"
"1944","Atp1a3_Atp1b1","Atp1a3","Atp1b1"
"1945","Atp1a2_Atp1b1","Atp1a2","Atp1b1"
"1946","Atp1a1_Atp1b1","Atp1a1","Atp1b1"
"1947","Agtr1_Atp1b1","Agtr1","Atp1b1"
"1948","Atp1b1_Ezh2","Atp1b1","Ezh2"
"1949","Atp1b1_Psme1","Atp1b1","Psme1"
"1950","Atp1b1_Crip2","Atp1b1","Crip2"
"1951","Atp1b1_Agtr1","Atp1b1","Agtr1"
"1952","Atp1b1_Ddah2","Atp1b1","Ddah2"
"1953","Htr2b_Atp1b1","Htr2b","Atp1b1"
"1954","Kmt2b_Atp1b1","Kmt2b","Atp1b1"
"1955","Gas6_Mertk","Gas6","Mertk"
"1956","Tnk2_Mertk","Tnk2","Mertk"
"1957","Grid2Ip_Mertk","Grid2Ip","Mertk"
"1958","Grid2Ip_Mertk","Grid2Ip","Mertk"
"1959","Vav1_Mertk","Vav1","Mertk"
"1960","Bmp2_Chrdl1","Bmp2","Chrdl1"
"1961","Lrp1B_Chrdl1","Lrp1B","Chrdl1"
"1962","Bmp4_Chrdl1","Bmp4","Chrdl1"
"1963","Calcoco2_Chrdl1","Calcoco2","Chrdl1"
"1964","Chrdl1_Parp2","Chrdl1","Parp2"
"1965","Ensg00000259680_Tspan7","Ensg00000259680","Tspan7"
"1966","Havcr2_Tspan7","Havcr2","Tspan7"
"1967","Ighv4_Tspan7","Ighv4","Tspan7"
"1968","Ensg00000278782_Tspan7","Ensg00000278782","Tspan7"
"1969","Adrb2_Tspan7","Adrb2","Tspan7"
"1970","Bud31_Tspan7","Bud31","Tspan7"
"1971","Ccr2_Tspan7","Ccr2","Tspan7"
"1972","Ccr9_Tspan7","Ccr9","Tspan7"
"1973","Chrm2_Tspan7","Chrm2","Tspan7"
"1974","Chrm4_Tspan7","Chrm4","Tspan7"
"1975","Gnrhr_Tspan7","Gnrhr","Tspan7"
"1976","Gpr35_Tspan7","Gpr35","Tspan7"
"1977","Htr4_Tspan7","Htr4","Tspan7"
"1978","Ltb4r2_Tspan7","Ltb4r2","Tspan7"
"1979","Oxtr_Tspan7","Oxtr","Tspan7"
"1980","Smo_Tspan7","Smo","Tspan7"
"1981","Tspan7_Drd2","Tspan7","Drd2"
"1982","Tspan7_Creb3","Tspan7","Creb3"
"1983","Cacng2_Gria2","Cacng2","Gria2"
"1984","Gria4_Gria2","Gria4","Gria2"
"1985","Dlg3_Gria2","Dlg3","Gria2"
"1986","Dlg2_Gria2","Dlg2","Gria2"
"1987","Dlg1_Gria2","Dlg1","Gria2"
"1988","Gria2_Nsf","Gria2","Nsf"
"1989","Nsf_Gria2","Nsf","Gria2"
"1990","Lss_Mgll","Lss","Mgll"
"1991","Pla2g15_Mgll","Pla2g15","Mgll"
"1992","C1orf111_Mgll","C1orf111","Mgll"
"1993","Pqlc1_Mgll","Pqlc1","Mgll"
"1994","Hpcal1_Mgll","Hpcal1","Mgll"
"1995","Usp20_Dio2","Usp20","Dio2"
"1996","Usp33_Dio2","Usp33","Dio2"
"1997","Wsb1_Dio2","Wsb1","Dio2"
"1998","Ube2G1_Dio2","Ube2G1","Dio2"
"1999","March6_Dio2","6-Mar","Dio2"
"2000","Ar_Foxg1","Ar","Foxg1"
"2001","Foxo1_Foxg1","Foxo1","Foxg1"
"2002","Srf_Foxg1","Srf","Foxg1"
"2003","Tle1_Foxg1","Tle1","Foxg1"
"2004","Tle3_Foxg1","Tle3","Foxg1"
"2005","Pdzd3_Slco1c1","Pdzd3","Slco1c1"
"2006","Prkcb_Nrgn","Prkcb","Nrgn"
"2007","Prkcg_Nrgn","Prkcg","Nrgn"
"2008","Prkca_Nrgn","Prkca","Nrgn"
"2009","Calm1_Nrgn","Calm1","Nrgn"
"2010","Trim62_Nrgn","Trim62","Nrgn"
"2011","Psd_Kcnk1","Psd","Kcnk1"
"2012","Taok3_Kcnk1","Taok3","Kcnk1"
"2013","Ube2I_Kcnk1","Ube2I","Kcnk1"
"2014","Sumo1_Kcnk1","Sumo1","Kcnk1"
"2015","Senp1_Kcnk1","Senp1","Kcnk1"
"2016","Rev3l_Fam107a","Rev3l","Fam107a"
"2017","Fkbp6_Fam107a","Fkbp6","Fam107a"
"2018","Skiv2l_Fam107a","Skiv2l","Fam107a"
"2019","Man2B2_Naaa","Man2B2","Naaa"
"2020","Entpd6_Naaa","Entpd6","Naaa"
"2021","Siae_Naaa","Siae","Naaa"
"2022","Tmem2_Naaa","Tmem2","Naaa"
"2023","Gopc_Cspg5","Gopc","Cspg5"
"2024","Erbb3_Cspg5","Erbb3","Cspg5"
"2025","Colec12_Cspg5","Colec12","Cspg5"
"2026","Tmx1_Cspg5","Tmx1","Cspg5"
"2027","Mlx_Cspg5","Mlx","Cspg5"
"2028","Lypd1_Eogt","Lypd1","Eogt"
"2029","Man2a1_Eogt","Man2a1","Eogt"
"2030","Man2a2_Eogt","Man2a2","Eogt"
"2031","Slc7a14_Eogt","Slc7a14","Eogt"
"2032","Hmcn2_Eogt","Hmcn2","Eogt"
"2033","Mib1_Fam171b","Mib1","Fam171b"
"2034","Fam171a1_Fam171b","Fam171a1","Fam171b"
"2035","Fam171a2_Fam171b","Fam171a2","Fam171b"
"2036","Phkg2_Fam171b","Phkg2","Fam171b"
"2037","C4a_Fam171b","C4a","Fam171b"
"2038","Mpz_Pmp22","Mpz","Pmp22"
"2039","Siva1_Pmp22","Siva1","Pmp22"
"2040","Canx_Pmp22","Canx","Pmp22"
"2041","Pex19_Pmp22","Pex19","Pmp22"
"2042","Smim3_Pmp22","Smim3","Pmp22"
"2043","Camk2g_Camk2n1","Camk2g","Camk2n1"
"2044","Grin2b_Camk2n1","Grin2b","Camk2n1"
"2045","Camk2d_Camk2n1","Camk2d","Camk2n1"
"2046","Myc_Camk2n1","Myc","Camk2n1"
"2047","Zbtb17_Camk2n1","Zbtb17","Camk2n1"
"2048","Smad2_Rgcc","Smad2","Rgcc"
"2049","Cars2_Rgcc","Cars2","Rgcc"
"2050","Plk1_Rgcc","Plk1","Rgcc"
"2051","Tln1_Rgcc","Tln1","Rgcc"
"2052","Tln2_Rgcc","Tln2","Rgcc"
"2053","Epc1_Hopx","Epc1","Hopx"
"2054","Srf_Hopx","Srf","Hopx"
"2055","Hdac2_Hopx","Hdac2","Hopx"
"2056","Crtam_Cadm1","Crtam","Cadm1"
"2057","Epb41l1_Cadm1","Epb41l1","Cadm1"
"2058","Epb41_Cadm1","Epb41","Cadm1"
"2059","Epb41l2_Cadm1","Epb41l2","Cadm1"
"2060","Epb41l3_Cadm1","Epb41l3","Cadm1"
"2061","Cadm1_Atf7Ip","Cadm1","Atf7Ip"
"2062","Vegfb_Vegfa","Vegfb","Vegfa"
"2063","Pgf_Vegfa","Pgf","Vegfa"
"2064","Flt1_Vegfa","Flt1","Vegfa"
"2065","Nrp1_Vegfa","Nrp1","Vegfa"
"2066","Nrp2_Vegfa","Nrp2","Vegfa"
"2067","Kdr_Vegfa","Kdr","Vegfa"
"2068","Kdr_Vegfa","Kdr","Vegfa"
"2069","Nrp1_Vegfa","Nrp1","Vegfa"
"2070","Nrp1_Vegfa","Nrp1","Vegfa"
"2071","Vegfa_Vegfa","Vegfa","Vegfa"
"2072","Vegfa_Nrp1","Vegfa","Nrp1"
"2073","Vcan_Hapln1","Vcan","Hapln1"
"2074","Mmp2_Hapln1","Mmp2","Hapln1"
"2075","Mmp7_Hapln1","Mmp7","Hapln1"
"2076","Mmp10_Hapln1","Mmp10","Hapln1"
"2077","Acan_Hapln1","Acan","Hapln1"
"2078","Pdpk1_Akt2","Pdpk1","Akt2"
"2079","Egln1_Akt2","Egln1","Akt2"
"2080","Eif4Ebp1_Akt2","Eif4Ebp1","Akt2"
"2081","Vhl_Akt2","Vhl","Akt2"
"2082","Ppp2ca_Akt2","Ppp2ca","Akt2"
"2083","Casp3_Akt2","Casp3","Akt2"
"2084","Myh13_Akt2","Myh13","Akt2"
"2085","Znrf1_Glul","Znrf1","Glul"
"2086","Tchp_Glul","Tchp","Glul"
"2087","Hspd1_Glul","Hspd1","Glul"
"2088","Kdsr_Glul","Kdsr","Glul"
"2089","Tat_Glul","Tat","Glul"
"2090","Glul_Skil","Glul","Skil"
"2091","Glul_Pb2","Glul","Pb2"
"2092","Pa_Glul","Pa","Glul"
"2093","Chrna3_Lypd6","Chrna3","Lypd6"
"2094","Chrna4_Lypd6","Chrna4","Lypd6"
"2095","Ss18l2_Lypd6","Ss18l2","Lypd6"
"2096","Dnm2_Lypd6","Dnm2","Lypd6"
"2097","Dnm1_Lypd6","Dnm1","Lypd6"
"2098","C11orf30_Lix1","C11orf30","Lix1"
"2099","Fat3_Lix1","Fat3","Lix1"
"2100","Fat1_Lix1","Fat1","Lix1"
"2101","Dchs1_Lix1","Dchs1","Lix1"
"2102","Dchs2_Lix1","Dchs2","Lix1"
"2103","Mapre1_Clmn","Mapre1","Clmn"
"2104","Mapre2_Clmn","Mapre2","Clmn"
"2105","Mapre3_Clmn","Mapre3","Clmn"
"2106","Vcl_Clmn","Vcl","Clmn"
"2107","Tctex1d2_Clmn","Tctex1d2","Clmn"
"2108","Nhp2l1_Gldc","Nhp2l1","Gldc"
"2109","Tlr10_Gldc","Tlr10","Gldc"
"2110","Spata13_Gldc","Spata13","Gldc"
"2111","Cox4I1_Gldc","Cox4I1","Gldc"
"2112","Jun_Gldc","Jun","Gldc"
"2113","Mrpl58_Gldc","Mrpl58","Gldc"
"2114","Rtn3_Ndrg4","Rtn3","Ndrg4"
"2115","Rabac1_Ndrg4","Rabac1","Ndrg4"
"2116","Tp53_Ndrg4","Tp53","Ndrg4"
"2117","Gnb4_Ndrg4","Gnb4","Ndrg4"
"2118","Gnb3_Ndrg4","Gnb3","Ndrg4"
"2119","Cdk4_Ccnd2","Cdk4","Ccnd2"
"2120","Cdkn1b_Ccnd2","Cdkn1b","Ccnd2"
"2121","Cdkn1a_Ccnd2","Cdkn1a","Ccnd2"
"2122","Cdk6_Ccnd2","Cdk6","Ccnd2"
"2123","Rbl2_Ccnd2","Rbl2","Ccnd2"
"2124","Adrb2_Ccnd2","Adrb2","Ccnd2"
"2125","Ccnd2_Pcgf2","Ccnd2","Pcgf2"
"2126","Ccnd2_Pcgf2","Ccnd2","Pcgf2"
"2127","Ccnd2_Pcgf2","Ccnd2","Pcgf2"
"2128","Ccnd2_Cdkn1a","Ccnd2","Cdkn1a"
"2129","Pcgf2_Ccnd2","Pcgf2","Ccnd2"
"2130","Xiap_Scara3","Xiap","Scara3"
"2131","Senp1_Scara3","Senp1","Scara3"
"2132","Cnot7_Scara3","Cnot7","Scara3"
"2133","Sdccag8_Scara3","Sdccag8","Scara3"
"2134","Syngr2_Scara3","Syngr2","Scara3"
"2135","Cnot7_Scara3","Cnot7","Scara3"
"2136","Hsd17b7_Msmo1","Hsd17b7","Msmo1"
"2137","Cyp51a1_Msmo1","Cyp51a1","Msmo1"
"2138","Nsdhl_Msmo1","Nsdhl","Msmo1"
"2139","Eif3f_Msmo1","Eif3f","Msmo1"
"2140","Eif3a_Msmo1","Eif3a","Msmo1"
"2141","Fuca2_Mfge8","Fuca2","Mfge8"
"2142","Itgb5_Mfge8","Itgb5","Mfge8"
"2143","Pdgfrb_Mfge8","Pdgfrb","Mfge8"
"2144","Myc_Mfge8","Myc","Mfge8"
"2145","Ythdf1_Mfge8","Ythdf1","Mfge8"
"2146","Ccdc90b_Mcur1","Ccdc90b","Mcur1"
"2147","Mcu_Mcur1","Mcu","Mcur1"
"2148","Cpt2_Mcur1","Cpt2","Mcur1"
"2149","Surf4_Mcur1","Surf4","Mcur1"
"2150","Sparc_Tgfb1","Sparc","Tgfb1"
"2151","Sparc_Col5a1","Sparc","Col5a1"
"2152","Sparc_Col3a1","Sparc","Col3a1"
"2153","Sparc_Col1a1","Sparc","Col1a1"
"2154","Sparc_Col1a2","Sparc","Col1a2"
"2155","Sparc_Xrcc6","Sparc","Xrcc6"
"2156","Sparc_Znf579","Sparc","Znf579"
"2157","Sparc_Fn1","Sparc","Fn1"
"2158","Sparc_Thbs1","Sparc","Thbs1"
"2159","Sparc_Vegfa","Sparc","Vegfa"
"2160","Sparc_Plg","Sparc","Plg"
"2161","Sparc_Pdgfb","Sparc","Pdgfb"
"2162","Agt_Ren","Agt","Ren"
"2163","Agt_Ace","Agt","Ace"
"2164","Agt_Agtr1","Agt","Agtr1"
"2165","Agt_Agtr2","Agt","Agtr2"
"2166","Agt_Ace2","Agt","Ace2"
"2167","Agt_Cma1","Agt","Cma1"
"2168","Agt_Atp6ap2","Agt","Atp6ap2"
"2169","Agt_Edn1","Agt","Edn1"
"2170","Agt_Kng1","Agt","Kng1"
"2171","Agt_Enpep","Agt","Enpep"
"2172","Nnat_Blcap","Nnat","Blcap"
"2173","Nnat_Nap1l5","Nnat","Nap1l5"
"2174","Nnat_Peg10","Nnat","Peg10"
"2175","Nnat_Snrpn","Nnat","Snrpn"
"2176","Nnat_Plagl1","Nnat","Plagl1"
"2177","Nnat_Mest","Nnat","Mest"
"2178","Nnat_Sgce","Nnat","Sgce"
"2179","Nnat_Ndn","Nnat","Ndn"
"2180","Nnat_Scg5","Nnat","Scg5"
"2181","Nnat_Grb10","Nnat","Grb10"
"2182","Sfrp5_Wnt5a","Sfrp5","Wnt5a"
"2183","Sfrp5_Wnt8b","Sfrp5","Wnt8b"
"2184","Sfrp5_Wnt8a","Sfrp5","Wnt8a"
"2185","Sfrp5_Wnt1","Sfrp5","Wnt1"
"2186","Sfrp5_Wnt7a","Sfrp5","Wnt7a"
"2187","Sfrp5_Wnt9b","Sfrp5","Wnt9b"
"2188","Sfrp5_Wnt5b","Sfrp5","Wnt5b"
"2189","Sfrp5_Wnt2b","Sfrp5","Wnt2b"
"2190","Sfrp5_Wnt3a","Sfrp5","Wnt3a"
"2191","Sfrp5_Wnt10a","Sfrp5","Wnt10a"
"2192","Sfrp5_Sfrp2","Sfrp5","Sfrp2"
